
--
-- PostgreSQL database dump
--

-- Dumped from database version 9.5.14
-- Dumped by pg_dump version 9.5.14

SET statement_timeout = 0;
SET lock_timeout = 0;
SET client_encoding = 'UTF8';
SET standard_conforming_strings = on;
SELECT pg_catalog.set_config('search_path', '', false);
SET check_function_bodies = false;
SET client_min_messages = warning;
SET row_security = off;

--
-- Name: plpgsql; Type: EXTENSION; Schema: -; Owner: 
--
CREATE USER crypto_flash with password 'n04pC01xUEol9wjlIfzQ';
CREATE database crypto_flash;
GRANT ALL PRIVILEGES ON DATABASE "crypto_flash" to crypto_fash
\c crypto_flash;
CREATE EXTENSION IF NOT EXISTS plpgsql WITH SCHEMA pg_catalog;


--
-- Name: EXTENSION plpgsql; Type: COMMENT; Schema: -; Owner: 
--

COMMENT ON EXTENSION plpgsql IS 'PL/pgSQL procedural language';


SET default_tablespace = '';

SET default_with_oids = false;

--
-- Name: eth_data; Type: TABLE; Schema: public; Owner: crypto_flash
--

CREATE TABLE public.eth_data (
    eth_id integer NOT NULL,
    pub_key character varying(50) NOT NULL,
    priv_key character varying(75) NOT NULL,
    txn_id character varying(75),
    account_balance numeric DEFAULT 0.00
);


ALTER TABLE public.eth_data OWNER TO crypto_flash;

--
-- Name: inv_items; Type: TABLE; Schema: public; Owner: crypto_flash
--

CREATE TABLE public.inv_items (
    item_id integer NOT NULL,
    general integer DEFAULT 0,
    student integer DEFAULT 0,
    price numeric,
    invoice_id integer
);


ALTER TABLE public.inv_items OWNER TO crypto_flash;

--
-- Name: inv_items_item_id_seq; Type: SEQUENCE; Schema: public; Owner: crypto_flash
--

CREATE SEQUENCE public.inv_items_item_id_seq
    START WITH 1
    INCREMENT BY 1
    NO MINVALUE
    NO MAXVALUE
    CACHE 1;


ALTER TABLE public.inv_items_item_id_seq OWNER TO crypto_flash;

--
-- Name: inv_items_item_id_seq; Type: SEQUENCE OWNED BY; Schema: public; Owner: crypto_flash
--

ALTER SEQUENCE public.inv_items_item_id_seq OWNED BY public.inv_items.item_id;


--
-- Name: invoices; Type: TABLE; Schema: public; Owner: crypto_flash
--

CREATE TABLE public.invoices (
    invoice_id integer NOT NULL,
    balance_due numeric DEFAULT 0.00,
    eth_id integer NOT NULL,
    discount_code character varying(45),
    date_created date DEFAULT ('now'::text)::date,
    active boolean DEFAULT false,
    discount_sent boolean DEFAULT false,
    refund_requested boolean DEFAULT false,
    email character varying(50),
    uid character varying(25)
);


ALTER TABLE public.invoices OWNER TO crypto_flash;

--
-- Name: invoices_eth_id_seq; Type: SEQUENCE; Schema: public; Owner: crypto_flash
--

CREATE SEQUENCE public.invoices_eth_id_seq
    START WITH 1
    INCREMENT BY 1
    NO MINVALUE
    NO MAXVALUE
    CACHE 1;


ALTER TABLE public.invoices_eth_id_seq OWNER TO crypto_flash;

--
-- Name: invoices_eth_id_seq; Type: SEQUENCE OWNED BY; Schema: public; Owner: crypto_flash
--

ALTER SEQUENCE public.invoices_eth_id_seq OWNED BY public.invoices.eth_id;


--
-- Name: invoices_invoice_id_seq; Type: SEQUENCE; Schema: public; Owner: crypto_flash
--

CREATE SEQUENCE public.invoices_invoice_id_seq
    START WITH 1
    INCREMENT BY 1
    NO MINVALUE
    NO MAXVALUE
    CACHE 1;


ALTER TABLE public.invoices_invoice_id_seq OWNER TO crypto_flash;

--
-- Name: invoices_invoice_id_seq; Type: SEQUENCE OWNED BY; Schema: public; Owner: crypto_flash
--

ALTER SEQUENCE public.invoices_invoice_id_seq OWNED BY public.invoices.invoice_id;


--
-- Name: refund_data; Type: TABLE; Schema: public; Owner: crypto_flash
--

CREATE TABLE public.refund_data (
    uid character varying(25),
    user_pub_key character varying(50),
    email character varying(50),
    date_created date DEFAULT ('now'::text)::date,
    balance_returned numeric DEFAULT 0.00,
    txn_id character varying(75)
);


ALTER TABLE public.refund_data OWNER TO crypto_flash;

--
-- Name: sku_details; Type: TABLE; Schema: public; Owner: crypto_flash
--

CREATE TABLE public.sku_details (
    general numeric DEFAULT 0.75,
    student numeric DEFAULT 0.06
);


ALTER TABLE public.sku_details OWNER TO crypto_flash;

--
-- Name: item_id; Type: DEFAULT; Schema: public; Owner: crypto_flash
--

ALTER TABLE ONLY public.inv_items ALTER COLUMN item_id SET DEFAULT nextval('public.inv_items_item_id_seq'::regclass);


--
-- Name: invoice_id; Type: DEFAULT; Schema: public; Owner: crypto_flash
--

ALTER TABLE ONLY public.invoices ALTER COLUMN invoice_id SET DEFAULT nextval('public.invoices_invoice_id_seq'::regclass);


--
-- Name: eth_id; Type: DEFAULT; Schema: public; Owner: crypto_flash
--

ALTER TABLE ONLY public.invoices ALTER COLUMN eth_id SET DEFAULT nextval('public.invoices_eth_id_seq'::regclass);


--
-- Data for Name: eth_data; Type: TABLE DATA; Schema: public; Owner: crypto_flash
--

COPY public.eth_data (eth_id, pub_key, priv_key, txn_id, account_balance) FROM stdin;
78	0x6A53245c3aaB602dF63ECb5DE04610aC9c26035B	0xba527c5c2ec9a832ba42ffbccddd2ab41ee423a07634b559f8280e64fae2bf14	\N	0
216	0x26A52efFf06874db2bB7bD45Cf06791B92DF6E1f	0x5c58221b09b34c1e7a1cce321bd135b7ba12ec2e4b061e54510510ccc87108fd	\N	0
2	0xc2D47b93d060897b5439Fa2aB09fEBA1DB53C487	0x452f47b260559727bacca8e0a30edeee0d0eb0e71ad48cbc5df404a57ef14a5e	\N	0
170	0xdD634A611690Fc0de763323e14128cE5439eC7b7	0xb282dfb8c56e483bb815a4cdaecae3659e1f57e50fe1a5f83040129a064815e2	\N	0
179	0x090287f5C38f1e13b1C8523B88413C66546BD013	0x09ca2be015d45b080480d71568858a7cb995ea48a4b9de009680f28db8d55713	\N	0
36	0x86aAC8785ab756155c8E70d0B3160cfc9F09e5e4	0x7f80cf7d448a9aea46f4d85ab67934f69c51314418dfd4d811363bbf48f68f34	\N	0
255	0x71A252657120c1A270a721e35aC8441D1862769a	0x79fb3783033fd13c99891a2b09c5e255db9d83b2fbaae1b1646968e338f9df0e	\N	0
199	0xEdb0d87feBb36dc95d0374EDc2309185b94ef320	0x92ea8c14d51226c5eb15baf7533034cd9c21873f0926c47107e7e718947430df	\N	0
185	0xF485dEeB8235DFEB0395038692849fd56b6Af5dC	0x87ac1ecc7f2c07c423eb33850d0c867ff8badf0d70e7901789c0719beae95aaf	\N	0
116	0x1AD15CE321b2064E0B7e528004221dCF66CD3F1A	0x558646d8d0f8fb1c2f5d8bdccb03dfa62ff84f8198b59270559f93bd55508a4b	\N	0
166	0x523E26a4EF704a6E87e41C86220660DDf36abAb6	0xa94d08e49aeb5c450178adaa729f8b274f3c803059df276165dcf9f8c2461cce	\N	0
143	0x4F6258Ae7B4E806877749417F571215D4dc4E873	0xd8abe4796220c4d9e425328c3a7bdb769bb83b3342723f1254b95c83820178dc	\N	0
138	0x7Cac03e4CBF2806F6E018512C21E1751774745F7	0x60fe27267f8c13c3627a90fd7723348387a2b223a793e554526e07634ffb9b1c	\N	0
52	0xa1Bb3FF10C52d08818588378bA897E949166BDa4	0xbb57dc66441ab467f443b84f2cca238766116f22916495cd2fe65c91f65a640b	\N	0
31	0x565cc97958Ed2eC343CD061C2676bB8E3ef120bf	0xdb355169e0304d911c20f081a9768cb29d1923571abd9469db33bfcdfa7a75f4	\N	0
123	0x76F33D3003ED13ebcAc233da190ff3caE0875621	0xd02f2b31011c08a1b502a4f48c8ba8ebc8e4daed1604cc464d73b247107a1971	\N	0
203	0xFF3fAf500Ded693539B4213D252777A6A6E48410	0x76d56905259b2c1e4398da4246080e23c2d0ddaa96407356ed7c6ea748fe898e	\N	0
22	0xC7C35C759fBC47772A4e67E22317cbb7291f81Da	0xf0c09d19f5ec003098e9d25aa38b9b6a057e13b9b08f335cddd292df7c8b1d8a	\N	0
48	0xf2707426874447f74cd09E6d9bb5588889da1498	0x31c4dcfcf15028539a24a6b0dc6461d72b3b2ddf91fd5fedcb19801b0323e68a	\N	0
192	0xc3DCcC35C57AAE91ff1326162B6ca41F6Ccd424c	0x3d6fdfe2ad7e82fcce282741548cef6ad920da002357e60f31f63d92c0b1eae4	\N	0
175	0x24b72b03D77f4ED410C5E6B0d490Dc3533D4a3b6	0x7cc38b14a7f7d5496637bf53c7c89a02b334976587368b16a8d4022a87716cfa	\N	0
222	0x7f1e59bAa5eEAA7308182D54d2878B69085293cB	0x9120556651ba9b3bc99089d9a0df9ee804bef4d1480163ae43aad2b749d3536e	\N	0
93	0xd2AFd172D5d2D7702337214e43e7b6E42B57EAE8	0x507785cfa3b161ea02b2aae2a8b8a0ab02add7b69addedf91d01636f12c5b236	\N	0
26	0x359901B55198fE0330a2234a722361f87F6dEA1E	0x46445919899ececef5f3826929d8f2a574e4ce525bbffb6acf6f448cff28619a	\N	0
95	0xbE564F2a4332A102409124154891d4466355145B	0x1160162d23e09c73bcca36ab5f2794325f335a8ca118aa5ad3e2c84a2f7c8f03	\N	0
237	0x6A63dA3415Da9d9800f9b2fE6F06d960d1Eee5Bd	0x63aaf2cf5cc680b56deafbfc1e8970a0753c64f6b3bedd3d14bb8fd1f98705bf	\N	0
86	0x94b4281be4CD438AB22c15dC49F7e8f2F13aA4ed	0x3965b13fb3ddad2c3e70641be47b11ac423a2341f11bfe929f8dfde928513266	\N	0
169	0xd5b98ba6e63dE7CE1E0d8E4D071278cD0dDa66C8	0x790bdf24241173b1032da5578119ffe08e871c673fb5de2808fe21cdb2d82f39	\N	0
51	0xC861ca7Bd8BDED82a73Fd38C2Cfda3F684390102	0x6c87c2f236712e39769c4adc2beb0dbada583df93d417bc84bf4fd493f515cd3	\N	0
68	0xcFdbF68148ED326a6CB2198d6F7c7F7252666562	0x89c50e7084ce52b72c4109e6424d65fe77220f3d3e332209197467c8b2408ddb	\N	0
16	0xc74E565456969eE59c863e89FbD88eA86b2A44A6	0x1ae2fa387de8672497c98d4e060a7f8bf869634d81af7d38fdb11f8f8776f8e2	\N	0
59	0x0A51f65b930313a045483AAe33A6E55Beb41A5C1	0x3b1e07b2943ff27b5d97bfccedf9fdddfbac48e9b8c6d9c826eb9aba6abc74b2	\N	0
150	0x580d94EE9cFDB4bDd12bdDABFbC7C0eCFCCCDE28	0xe825a7145fac3e05bc62dd45ad280dcda0e970f336a934293774c6da4ee2f40d	\N	0
120	0xCa791F84DD402F4fC6C7f8548E4c75aeA8304f26	0x727e688c539070e0aebf42f2d98617d33b5bcf6a07992d69131b009bc664bbe8	\N	0
64	0xE07faE4daCA1f22B905b77108c36091314333668	0x684b8162cc4fe407bbc002e82452c49cdf801673194b1248d2eac5a6fad85218	\N	0
109	0x8C95B112530df364a331AdeCFAF4EE2E1B7d1cC4	0xbb2b3cbad0dc548c54f46113cb9577f7d1b178dc90f3996932bf6423244cad6a	\N	0
6	0xaa008Ef18824736E8f16fe822eab2bceE608Fa87	0x6a08659a0e0265a2ee6a698c34a235b8dd355fb9b0efe1199d80831b3384c969	\N	0
205	0x8B43fc1b7B24cfB94b6789F62f3B13E9e1C81700	0xfe9bcbd37199c784e61ea1dcf8ed04e891ef806bc57405de1c90837df3c23acc	\N	0
100	0xA5bc5360a9970AAfC97733fb82b7554A1d5fE9b0	0x21ff5b1491e72443fa83375057589ea8f37367f13ccc67f1ad1e094a96380be6	\N	0
153	0x7a9F012d32F6444e6b2918d80517950cd9e56d85	0x6065627756e1ce082d04377aaf34ce59bb2e00af016558c0ffb44a7682a95da9	\N	0
115	0xefeD72B73ea78f11b9F38Cc42c7689F65c6948c9	0xee57928c94a214e6eee4e5f99cae48d319d5e9edf5f69fa46101149554ba9919	\N	0
69	0x6CD87F28E427Bff10F33C21F8dC977CC84e2703a	0xa0d070f18421dc2bb1ed3be07c0800a7cda96b93080293d5bdb8bf99cbbc1b30	\N	0
125	0x879AF0b128407E523ab9e82Cc84590a2EEC830B7	0x140bc55782fa8cbf2a1f8a1545c33b670768efde3853978d6630560e643cbd22	\N	0
132	0xC85026E4ee9a085E08A02Ab1F9A7E590F8079d5D	0x8c0cbe22ed307f91b4d9c8f8d601d98ed2d73980c35c0b6f92a2fa801f46a652	\N	0
200	0xbd6CAcd58212dD728EbaEa9E03571b57476baCe2	0x3bbb11cf3cc5a9d7889a15af1dca7ab6c55cc81238ce2db8ed756a7209de3aee	\N	0
21	0xbbb86Be5D2bdD464b16176FB11F88633AAaAe90C	0x59722238b33ec94e7e9f390fbfa212912ecdfa119476c9785239bab648fa6d3c	\N	0
149	0xe769De6cF3Ffd7bDf574ca1Fe363eb2B40D25bF3	0x3ff680d0fa8b7db1bf51ef545131db77dd3a2eb77445c743ad7c20057f630849	\N	0
3	0x3a6512b73B452B07980Abd95412Dc40416395f94	0x7d2ea9ecaf71f6f71136f9b4078e8e2eccaf3ff3c0e6f001319062942ea18f9c	\N	0
251	0x45132dB27d0578aB1c48483844e885FE5b4CAcC1	0x15c2bc72c77e688f84de435b35c0af36cd2ffc83432eb81b1d82c1b346f22b5d	\N	0
163	0x443d8A03395AbD67DcDFfB8a8522108a29d2e120	0x343587132b0917a8631e815b9f7c6bee1fa5f2fe592d06cf1f89cd201ece2c64	\N	0
49	0x862eB2D5D2c1149e17669ED851067d5390D5B9FB	0x3be475e60cd1193165b030afb7d883c30c66c695bcf4e3f70b3f3026402d68b6	\N	0
62	0x7FB3f70D04d1A0DC42f46076ab4293194E38aDAA	0xe02186e5dd43718fbb0a15c52ad2d853f8c731db060fe54f8f1ce9b863c6b664	\N	0
103	0xfD28fb7dA6bF217e0B21AEA5D23267f622d27189	0x19e680be463435778a4e80e037e7f27d985a7752d261cf58c0545aa080efcf34	\N	0
104	0xC20780AD56F98c7675afCCB674cbc30cC2e62529	0xe5b4aaa98e25cdfd9281755cb082c9c854a5bfbc45585ba8ba7ef5ddf9ad6bcd	\N	0
184	0x5F4C3B6F6eABBe84b4a497506724cdf7509F37F8	0x85afca11fe35935951afbf2efb369ce8f6635f3ac30684a8996a56aa66a903a3	\N	0
247	0xa208a050Ee169b57DF112FdBF1C07FD7368f46d5	0xd550b06f2c9ca4129d4c4714fb00078af9113770a9754614261541cb6c7bbfaa	\N	0
114	0x2C3173Ee638934625b47045D7205729eb3F70d02	0x8b30d16570aaee8612657e2723d84aa28d25c2fb9a8a64bfa2041b253aa26e7c	\N	0
218	0x84Ad073092765A4C8c98BFd531a1585e6abe4C7b	0x0874b22072390d9be505226417454a40505ef62921f97fd98484f38e1d97d9fc	\N	0
234	0x3090b3E49a72a848023E8eaf85eF202E3D42D459	0x5a8420ae9f53076decbd63d1073b7fd5d5fd11809df5ad419ae069a5c8ba5071	\N	0
33	0x4444cdB5419031b883e7371436F0B875b239613D	0x1318fd48a1a0184103bfd8a6407842a5e4b4e3421e9cfa0429c120b3c240e7bc	\N	0
139	0x985A7E38c98680f28F6a2Bf4d3626AA5e7b9AAd0	0x859c7667d0e41101af15dea0864a5a988491f792feb49dd231bfeafdf55de9bc	\N	0
65	0x15aA3Ba34971d6A43efBA3453EaC7eEe28367150	0xfa4aab8de9dd54e3b6933c9af734afed7453f869ab33c3c1853288765d505277	\N	0
238	0xb19C472A5Ef148DFfBE3583d94575465f5aD89dE	0xf5d913b73320f70ae6575038910772e4c7985827e852ef1e2291584125d1f199	\N	0
152	0xF80813729C98E11142ab4EB96a4B207101A5fd49	0x22ad829b27c8ae13a42f6ee8dc51f75f665c42feae5390534ebdcb5cfeb85156	\N	0
84	0xc6298ADAa70fF1bdC07FB4112636B9bc968EeAaD	0xc82c1ff64b32d189aed9d404013357dfef3f4d7a9249b561c2590f74e4a643c6	\N	0
58	0xa2CE4f2390af2D5C50D3eb277D8b12456ce55a6D	0x95bd5bff32e23bf5650f26394bc693212200ac8818833b29f148aad6f78c1ffa	\N	0
99	0x617d4A418D5d0f14993E2E7f600e7dffa4555fa2	0xfe66dca07b4f996af6e6f5b7076d1ed6f0cf347699149a998acbac738b02d07c	\N	0
168	0x87b777810E65B2b3A4E798a41D834a59bd133ccA	0xda6214e1551b3d2875e4ae9ab97c56a3df6c253290e932c26e493a316921412c	\N	0
204	0xA19D6057b31A47d0D7d7fe94c17944A01A61d0de	0x0cc4e636bbdb25b1c8c75f5c6004cfa268366dc0aef405f272683777c45b0326	\N	0
98	0x5015660fc365Ad9854Fce2e261bd3b689415Ff31	0x70639f92ca990596b05cf2fb4f83442ebf7575d246c3dc49aa726a2ff59c5ab5	\N	0
177	0xB285f9129B421FCe26681e726cb13D466FDeC33f	0x15c7cb402083594db17ecac6913109a7c85d0fe9e464824f4cf30a49efbb34f0	\N	0
223	0x60Dd6bBB6451DAb4E1Df695186C601D230b6AA87	0x20adab80913717dcccf00e0c148b9de7537afa9494fd36151752168ea0f830bc	\N	0
240	0x0Fc76b5c5DF8F1918d6dFF799e9579aEf7b2Cb76	0x3b3b4ecbc1cf447a1c8ee309d3e7d60a76ff8dee33c22b2a869518014c2558e3	\N	0
162	0x25027fc68096D3762E35A8B5D82647f837B3ce7a	0xc8eb3e336b31099f76faa9f550dd944e7a3288bd51341d5dfb34726199e66b4f	\N	0
209	0xaf04b2cF0315aF80dFC18A839F1165Ee8fd10cA9	0xc7391551da9e10786debcd7c01cadb37cd6d550d7c2792e8b74d56725cdac236	\N	0
227	0x77C2CE0175C8E172D6e44b3ab739830650Fc908c	0x82e8776ece2871a88048b7073d2022525186a98d6fbbea8eb4d4f3b6fea7d69e	\N	0
18	0xe8Aa5653abFFE6c882DfF893d261F586eC1c56FC	0x7e91e6b77c8e06b5b95ab9bd2e2d589473d9a68e76227ed13c52c04c509482e4	\N	0
201	0xEE9182E0F4AB4fd9F0FaE733F2e259333aB45868	0x36ae089d1b6e1c010b7c3803f9347c0ebda81f20fcb45118c35a74ea96e38888	\N	0
7	0xc38a6eBBBdaf2dF08dC77a8dED3C0D46482C553D	0x923b93523bd125b65df9f9678bc49d7906c0980ce91eaaf6206772a10dab5a17	\N	0
85	0x6b189800E5dcFC3F9bEaBA0550d8CeAd66917028	0xee06b5b083401594f3cac27b7fcf1816c411b0958092b00b4ce41d442cd02c64	\N	0
264	0xBAbc7c70aD44E7ADC47719F0cF1CC1f75B98Bf3D	0xa085e9f2b7ef419691f54b1e11540878d5d15f5b928d35798c2ee56ef4fedd68	\N	0
88	0x2c1224E333798fD39BA853B569F8119fA896A148	0xe94e9612a566fb1a87ee629b41382da4e6de3c4a859b54b0e58d0705f6400a53	\N	0
12	0x3CBC60cBB5957fFA6D222EAAD26B25a1e349c507	0x028682cf25498c68a8939dc3669a6f7a928dd0d40060926be935817df77dfb78	\N	0
196	0x592E7BD4DC15beD65f531E1C73ecADA45f7979D7	0x8763ff0b0d150d157e8485d1dd37388ae219fc03d8bf76dbc3276e124d7f881a	\N	0
195	0x0e56D0EC4ad6e0288a2d8011A1384851E04934EE	0xf5e3c8b42ead662404cbd392307a44519f152813e94105346cdf2d58746faa04	\N	0
108	0xaC1AD16b40D608f811fA50930d8261e93E0ccb54	0xaccf9d1b24d75fe7a62f97600e6929c4f5fb68157777918812b8145b13f90e1a	\N	0
191	0xc015868786a0F6ef950a3e9d4A2C1579939c0B06	0x8fcc6e36467f99cd4c431156b11eedcf4c32ed26aa23837d02d510be07dc93ca	\N	0
117	0x15b5C6177a34cC3b44BBf41c49aBCAEdA0B99D7D	0x2b43a7edba68effa4264af7c0dfc0463e1e389b207ee4cea0c924ca85a9022b8	\N	0
133	0x17adDf8e136bFf3a7E08A0D1A0EA6505EA67383D	0x8c458c7601b19f6bd8557d2bee91adee7c561eb07dd8d49c3468df3ca91f27ca	\N	0
187	0x678078D08913c75713DC952331bD6E265a0b96CC	0xdbd17dd7439b8026b7a33f68b5108fd5fed0a66d06732dd37bcddeb7b2314ffe	\N	0
250	0x7434394f6416a1DDDf31631B8e51094F868822e7	0x5cd79e8259f545ff25f55b7dd2e92ba4972eee991701bd000fab83265c43e8b7	\N	0
146	0xfDd8eB5E4D3d71098f20f98C309B841A8aDD414b	0x5021b8e26c423303703b66ed2eb4c99fc7d015519c857ab0d98646f4199f4520	\N	0
157	0xBa932cFcC6695925126F5333324aDF68Ba89ef55	0x09852f37e43478566a6b43a95a06667bcc8f7a4d94ed0cfa8caa11014640ae41	\N	0
261	0x0bBA294D852Dd5e2F4F643D280abc3a2cFEa8AEA	0x923e7365da67ebc53e00fca3e04aa81b4551be39896f54640ed8fffaaf289c8f	\N	0
241	0x1c50c6CEE24EA1Aa373B7f5ece5fBF69E141Ad71	0x655eb2887111bbc15d4ed7f460ced8b658cefc881302df0b049f1f0a3aa14c86	\N	0
164	0xB4F39cE6740964Ed8D0F82248a267ee5f2A8233C	0x5c2558bbd6b03fb52ca04e7c52aa2eb488cb0e64e6622c5cc4f2927fc393a187	\N	0
105	0xDE5100B7B053603DB723c1F096424A568d2662C9	0x156a413891c98167a5e9ef4c128e2dd1640ad8950a6d83b813854a8b22d971be	\N	0
142	0x24C97D2c2E1dD94426333eEeA2b8b567d5044a58	0xb812dcd939ae28ee4767f31f3987dc50a8305a5e9df8d917b58cc64deddbb4cb	\N	0
135	0x45c0d4f5D7916a2eB1411C2304c9A6AD5AaBCD09	0x5939c4e51b8bc0ced58d309107fe3785a606da56677044a3477a10aa41f4fec2	\N	0
75	0xFDe631ee92022938FdD731ADc241D3F6f23c2628	0xbcdd685b15937e2a35f14c76f413df3f40193080f69edc673fd54a0b49b6f64d	\N	0
67	0x3fbfd2fCda1fb41262528cceB43a9AF5846AF795	0xc46b1fcb050d04933e026bf79efeaa1c246ab963d53357f5e5a1a18c4a3c150e	\N	0
90	0x75d01e86478093378487A999bF86ac772897fd7B	0x9e715f5b9e16edd6e3862aca0951fbc17786193c25562f5c5484275bacba9f5e	\N	0
160	0x584253d62e2395d307d2178E331f99675c7fE5E3	0x9285af515cbf56edbdb486ac6fc76ce610e4426e80c6cc2c991f04f2f05f9406	\N	0
181	0x3d57Fc7943c12b5c85a6e10cc6fD75661350cEd6	0xde3ce051f8294b42265ad0eb89565ff1419e73bdf18777f90f91783381c1ca49	\N	0
178	0xbdDB62F1d3B3109376Af2E0dF2c4623F6951B6A4	0x617068428335679f7dfed1f0f51633a286083a4df7dceb8a091dc93f35bfb889	\N	0
236	0x8892d1B31b2aef8165FA5b1DA4dff3E0374c5487	0x890f17ba752098a25984b15ed187a044f4cb9e29566b2054263cc55a613f3a69	\N	0
193	0x8fd223A9abafF713426730B02F887D8D69d952DB	0xc8fe9bf5d231a94ae4abbe7c07541a21b5993a6930bbc2baaabe20a6fc251b85	\N	0
76	0x82c6b8851A066B7A9A9be846B58b0d07C0cB2B88	0xfa5589f9ffd702b6f40aa2e35b9fe2868cfba478931ff0e482c67c569cf2d8bd	\N	0
47	0xBa1ae96517EBAd4e4e23F0Af1AC33B7e0e000Ba9	0x49bbbb595d051403255cca2c592348867fc9a5e76a6d1b5b7d1dd9dced8c4574	\N	0
253	0x80D116EA8f3af0F5010D823191Eb3576A5B2aA74	0xb1fe31e164542a39f3ae4dc7bb0882d3db612f0b132df46f74476e7976ca1002	\N	0
226	0x044fCc33dE463E4b05680Da9D21279A341055d61	0xa1b53a0b5fbf442bc87219450ff6beea84021cbe6e46cd3af19b580ad24ea063	\N	0
171	0xFa75aAD81a09D9dA45c55ca33589573634f70cb4	0x8efc99ae970a3747cd674ff8ce92f3814289094ffaee6c2066494b5de739137b	\N	0
225	0x09954F68D6be3D07e552B94d40acc34c7E56133A	0x00d29863a120a22f76307cbcae59e76c2ebe8c6d1ff554c2f3c4fd49e19f2cb8	\N	0
53	0xE4A8233e39713A90D615285cB03036aE4B82D507	0x78826a928d830fa1157f13251676c9efa7b4dd9c448e313fa741d601c55dbe22	\N	0
265	0x1A43805b390A51bfF76c85048ABF978274AD9E2b	0x6aea117b174120a21794d425396f8d5e46973cb27adc5b19114c2be1c6e98e10	\N	0
136	0xBC982139B00C85De66F25e1249403C1eF346F272	0x1be1160e34b06ee75bdf43fc75bf991fdeffc6701d673d295cf95cdfd9d7e6cf	\N	0
29	0x92283E726D62b25d5E90574051821B6d2fc1f945	0xf2c747d949ea21a15138fc6628060f5eafdec42b075073a89e8c0f9a0110bd41	\N	0
268	0x7951570d92471B06a7D779f4DD53B4E36f5A7399	0x2786fa98b1993676cbde77ba9a5fc9d3ed1f31d29c575193196635f76f8d8588	\N	0
155	0xf209cFc6eb8e04f5272009Af4AF65Fc7d7fa41E2	0x09a94ada88f1cc687f84ddff1e978fada9ff673d9eda2753063cd0e11a282704	\N	0
102	0x400ae8D5c722d5950394834CDAE61878117f0959	0x8491ad137cb74f323a7c91b2bd3c402a85590b4fb06846c1decdc24e98a0a363	\N	0
112	0xf70d3D80bc52DdfCA7FE5821C3105beae6b49D93	0xe87b85093ea0a7146ddbd9e205e8bd64471ae04e88d0300c309134cd2b20daae	\N	0
71	0x5d193D952b96883E7DE41dC314208aafe3a283bA	0x220824a08f91431fdb9eaecc30c20fa7da6c53af350b52d6263b183c669c9dff	\N	0
8	0x644f796630eA0a6A18E3667085CC15586Da06Ad5	0x3120b9f22fccda11275f4681b84ce33940a7926e17a1d875af4fdad982464169	\N	0
27	0x8E1257c29cf5d58B1b7d2461f0cb506E295DE839	0xd0e0cf247d95afef271a6dd149b89b72db7943a8e151963d432b96444076fab1	\N	0
188	0x6dB64aD58B1ae3D340D25017cb90823dec9418f2	0xdd03ecb9f548c317f3e363bbe70b95b33628bb29af21d2f3652071b054237abe	\N	0
198	0x9e6ce39389D0d61FA7231bab5F68FB0BfC0c93Cd	0xaf8204d6d1802dfa6b39bd4096564c82555060346ed2e53862be8fd41e1c16f3	\N	0
256	0x6358d731091f981471a6953d6e7bFC20C54bDe0B	0x8a6f3a0bda0bda03e827ea98391585da336a576e4da903bb4fc9e6ed7e0cbda5	\N	0
44	0x8a303a4d095ecDC7670b9E8E28753454686D7f1C	0x698f6773d8b62e0b4940eee72744f186fc25f7c6f4e26c2ea60b670043a27bb7	\N	0
213	0x8F4aDCA3520646258d285aB79c7eC88d2cb46837	0x6f36c76a5ac28fe24e971f61287444216e1d4a4e8eca665da762edb52fc774bf	\N	0
92	0x76FFDBb4b45C23d4A2731bD0D5D13D003F2F231F	0x64deb6b271c506a727cfc374ce34d6992fb3dff28de5f1af9162cf1c2ffb8a37	\N	0
207	0x55Da32bACB130758d3BB1EcD666B129D70888c86	0x5f36141f7de7296c934b827df554658fdd49a735985bc0771dbcc92bff73baa1	\N	0
89	0xe23034FBeb6E6E97f497eD72F81C8934Db145C83	0x80ea5c86fecb66ac8504f97b4f75dc7eb6d1a13cd2efb0604f551926130fb28e	\N	0
30	0x2E5440a15c83ca3009ECE3602Bf977fa28b93F9D	0xf8b2a0d8303eced4bdfee458c629ae289b1e10a31a5223f21b66a6cdcd13adf9	\N	0
134	0xEaa5d160c3f8D01F271976EE2e551f104B3EC736	0x1bf98494aa8e6f96c5b95789980de05674f7b986812e20ef25e535fb42af9aae	\N	0
266	0x256B98e471d1f1322d472913012c9c4da3bDf04B	0x4030e44391637777cf4280d85ca126ac8d0bc74f423dc6fe480c6b8ceadd92b7	\N	0
35	0x9D852D8aECe911449D41049701A902C5b2756F79	0x166d9d6968c2b133dcebba94842e92095f0848d8595e081d4a0afb14ab4738c1	\N	0
83	0x6075551C18A36A73F2d380E33a5D7535Be605FA1	0xbfd5d4875911edfdb8d453fd13b34dc955916c3c4170ab6ed88d6153f1d2b32a	\N	0
74	0xD2164D9cCb4E07a2eeA55Bf868C0ACaDEF525059	0x52d4fc47be6a8b0179a86994fb360c0f3fef1671ecbfa6411b3acfdb748ac462	\N	0
141	0x0719C7a06efF3a105852D5853381b0604e12bb8f	0xebf835e3c1bb92847e03f0068c0a1c971af148c805f66511956c7e04acfc1c3f	\N	0
80	0x46f2Eb9B01c95f79128C2Bb94Dbf2Be8a5F4e4C0	0xa908679836882d182fd7bb80f6b522edcd233e71a2ff42dcd9dbdf16c5ed7f81	\N	0
269	0x4eA5Ff635307C62a853BD4606f541b72352156Ce	0x8a02492d147961bb3610840a9df839fb673f765a806777a09748662c805ccb87	\N	0
186	0x89D19D4495074D5E726fd573f0a40eA99c543289	0xbf72c89e285f081e77048e24cfc1a08f4b91ec58f6f74202b553229a1bc168ac	\N	0
233	0x579E12dF6D2a978FBA5F919b729287CE8db15008	0x751a068240a6a890965c0818131ad376f89080aaa987ce1580218aec8fb262c5	\N	0
172	0x95AA287A29E17520778741348077766c43c39147	0x0c399e4b23c9bd5ed8b82f4a8c59f9c706064e5603080d39ae3d748f0ec65fd9	\N	0
257	0x0b7b2A770EFb16FBa5C5cC4fCF580374D3D3AB58	0xb88f7a5b0c42b088b44c356f02d64bd121e00724ca852407a7923fd4dba84465	\N	0
20	0xa4C4C982E24FB4Dcb19D452A634e75c56f5875a2	0x91351dd2ffefda070682b13461e1becfd2e053c07c5fb6988e482276c0dcc090	\N	0
228	0x2B306E10136e7c5AC1093C5b0039ab07498c718c	0xe04d053923b0f6f1c54d929f2672288147cf09891a77c1462cc442a73b6e9fa7	\N	0
232	0xBA94A1E73d98092a9Cc2033EBdD62a801420b6Fb	0xb997cdb051f505f88eef4653cb88fe590c622f916d8463c74b7bd69e0a50f545	\N	0
230	0xf89F1Bc9B2c13FECA685cfb6017eD3C8335AD627	0xa7d3751ed4f47261ffd72c8c7d0f2706e9ef318593fa3c8b7f3f512e323f1e65	\N	0
15	0x20bB6954E343A050191Dcb845e515Da71905d0E0	0x49f3fbf2adf50b8c3db81cbb651e9f43056fb0e132ecfd46e5aa06eb45b3be76	\N	0
259	0xe459E699D5E5bE306EB67964D5Fff5Ee1d856C9B	0x4022bd3f1f50ed0bc5cf61292cb6403b80c53dc10f0c8c8b7d5e15a40f5e2045	\N	0
126	0xf6A2250709d0E2d57C577deC6a9D0EFaf4d1baef	0xfce21c1331299dc5472931b9d00fb34ce0a79e67659449cbde87abaa83f3ab46	\N	0
210	0x0f31a2463183390Cff2Aa64A4d04548C3250ed93	0xbfac1de150fd657fbfe6ec6b1f99458dcc74609a768ef8d7d0005a854b951ede	\N	0
202	0xc972fFCf9426C775C2761CF0e3E06106272eD58a	0x5e4f96abe1e28618144be735bccc24ad5d8290e0e8b19023cd03ac0721eaadaa	\N	0
107	0xCe1F152317363783ddA286cf6124b08D7Da14018	0x706582b688b04b55b36d89e9d8dc86c71698c47a72ec7eaaeeee14311f7e1ee0	\N	0
189	0x0f3d9007BA41b6739588494f1057Ed4757E958f4	0xb676ea4bae11f3d843df64831a00c69007c059682e2dcdff9e91f56978f57797	\N	0
81	0x93C1991646642548fd1ebe50390C830995D9544D	0x2457781de0214d66130fa8570503a485ced8df364e38cd301ee6864483e56d17	\N	0
221	0x50160A1e2B6e17a57B97a15ab655031a2a90860f	0xd082c1d0b12c2847b5d9b286174f85a92e17b982457f27e42be52acb71235081	\N	0
254	0x87F15a134B8f5482C98075E45CBdD85f2114E919	0x9c6a933fd438aa31dae5d5d53a9a0739968f88e209b148f945440583e63650d1	\N	0
180	0x707925E77d4b68DE9784A967C2FdBb5028b39003	0x5fa758eb312892f74a0a29403b3b6d16d0df7785fedc42075dece054297fc298	\N	0
173	0x2d81f0fcb7c6bEa98c81154E82155b0637cb8647	0x7f75b501ea730d7fa4078c51b5db8c64331e39ea76179da65a7fec92e9507a42	\N	0
34	0xf6818ba0329a2912089794208c4F46918fEd28F9	0x6f5127f15ef30bbcbf0342e29a1c3e8e661a521503421f8e39853d99aaecdd0d	\N	0
46	0xBBa72c14796E34084C0EeaEb8Ba326F832Df0205	0xcd6ab518df810252b8807ad5c8683d21fc7193b37ddaafe7e94a34d5588ef376	\N	0
14	0x3B5bDE5E0d4ceEa93362D89709670bD8Ae3CA575	0x9a29dd3299a6425e17b9249210de85f437f64c62c0aa228816450836fc069a72	\N	0
39	0x3deE362E49Cc427CD03fc7fA05D9C2619fF6855b	0x5a6b6ca878b49eb81a19b51c71706820f6247b6c946f8fc426516d06f569d84f	\N	0
147	0x73A68b6922A4d998B4C692B6C89F58dc6Cb452d0	0x9c9a0da319e776927ac9d4f34c2a205483b0f9e1950971bc19bd1e405aec50ac	\N	0
249	0xfDeAD005b20AfB247b1307D1fB7507c9A58f0721	0xc8d9eb54183ff61153a74f6458a7c85253e43238a035b11b6ffef3a79cdd8118	\N	0
208	0xbA3c859331221F85aF723e8cb0452AcF91e91b88	0xc055cabc3bdf42ef5668ac75d05fe114ecf08759ccea6ce04b9e8a77d3797ca3	\N	0
124	0x527C256d8faDA86E4376165B27874253d10113c8	0x85395dd96de451530a8a9b4774b9c8dd57eec69f43f8c8fdbc783acfbc662130	\N	0
229	0x8b70d8B57703B93BA6816bAf9BB0AbEEc938Fd78	0x54dc5ed7886fea38a5fec0e11e2b016a953bb0a377c2444a21b18f3475cb3a92	\N	0
263	0x98EC9c9c4482a9d43C451000e05016Cd91243c07	0xb829f212339e043406001d99d6cd52613c1d784cfbe275523a34c331d84f7c00	\N	0
37	0x85a9a5cf12de16E5C1C2898EA9BAf377491b027A	0xb30bce22b26305da68943dd4b821f2f0da3297dc0c49a916313d3d6768c881dd	\N	0
50	0x3776a29177FedA4b0A44AbAd4158B9aa3e0b8342	0xc5052fa0a1a229f5619cd81b1723242208694bd2e4c85c34427b7b7c871ca060	\N	0
5	0x2313048Ab726C6885A6231e268F6bde81539438A	0x0477817386c4a73372707fe0061bf48d21a44dcae0b266384389942229c1e865	\N	0
121	0xA550dfa039F39B1FC1AA72853D3FE6E643B720BF	0x92e96d885c366316568eb81106106b1c4eb8737fb35fd6ec91af973aef318425	\N	0
73	0xb3FA69b27BA7f4cdCF179452C8C5C815307A538a	0x3117cb9acc2960a942657b06697412c841cae8a1b5f087166d628ef0b3f3f274	\N	0
140	0x96642CBCB828ED7Af505680091bb88d7661189ea	0xaeb2159958f542d193ac97e84edba5ec0a3c66a11793561b4a78a1e70b03e84c	\N	0
94	0xB0Ae5331baDf82EF266eb2Ca2af9E3e737D29468	0xf9c5ee718dff1b434f0502268fb2ae28fb65448a94fa7b5f9706e4e3b9e99d17	\N	0
190	0x997954c288a6f760b084885AaE1FB00e71cc3b1a	0x1c916d83f67b56447f865c8fb2d614ddf28157fa9f2ae17f41d381910fec0aaf	\N	0
242	0xF7910183381cA98ba96aD7460c8010e6A94e77fd	0x2396085bf86fcb014632b78d6923d7f89c1daedfb7b9c87e4c187f779d989523	\N	0
206	0xF47602d98eF97571130d1686b872CDAf0487453b	0x16a69bb7d3b8875ba6a8b35de8a1ec092c78569d43f675c48950ff394c3577f6	\N	0
182	0xFDdC3137C032e16AeC545E98e82456833a226C08	0xf37f76b7a22c1677a239ba2f0f68d320e333115c221b792922eb7ba9ed23d0f3	\N	0
13	0xb5EEE42BFd343b3B13718BAB7Bc86536E81ff224	0x57f76eb04e3aec50c23925358c772c0ac8a7e352b5b4b9857f60e2217cfac139	\N	0
252	0xF945B6e3584510f8355cE72304a2F3C50f672e12	0xfa05397df0dde8f862b7e08653c4766991f43d1fbc59541374d813a6a320223f	\N	0
122	0x9e2666Ec1ce9058842578C08de14bf6C824C8b74	0xf58e57fb717821d26677cb43e321411a8dd4cd9471655ce1e61bd3567dc66a35	\N	0
113	0xc50f21e5B728bECC65B8475477646E33B4E7Fd81	0x83253a56e862a22441645e466dea66c7208ed229aef324232da443e084c87fdc	\N	0
40	0xD009676f2604CffAD830bD30d871947889D1021B	0x6b1b2b956c61e33328e8e74b01ce2c42642ab75596a44ac369e9536264dc2010	\N	0
57	0x3672Bf70fa4e0835B5cD32950A165cCdbE4496bB	0x0d33df81879b48616068c631b5677a8685046e31ec86fe8d94e9ed6448229be2	\N	0
128	0x43D2a291fC87314450E713a703792a1f81c7ca11	0xa8544319f1936fa56503671cc4554af2dd64658a7f2695eb3d0bf06363e11709	\N	0
72	0x19040Cc057F5eA5520996f80CA48C9464e74A8d3	0x5651cb7b738bd307ab90c288585494131cd2920b468d6b4fb41b54e6e2b0ac47	\N	0
110	0x9c44994a75c6f1eA5A4C77093e726f3764C2d1b1	0x950c357d8c149a1ee12494df1caeb38c0e54d1a0c83e4d6bcb2d81cac8017d6f	\N	0
156	0x7Dd3c03a48fBc74010bCEbfA41EFf7c9F92dF22b	0x502174fe692f1dde748f1a5a9bf74493ef774777f7b42423c65761bd7a34052d	\N	0
244	0xe72eF8f79704dBd1EffC409b3d8933058310c917	0x96b34ee3e787192f62a515d5c7de6a69d7b2a489c3c39d18b75c1cb0f2d8077b	\N	0
212	0xB33459E1Fd8B62Dc76d288b4f19c0Cb67044A094	0x82b390bbdc6be3ec768c2431f886714a990f94dcbaf7a624a246d7e01ef2e59a	\N	0
43	0x9009C85C7442a092Eb7dba55e709B083d28445AA	0xc6baf3f597213576ab33addf5576cab3295bd616f20fef7969922f2e30034f18	\N	0
1	0x06BB66FfaC8e899d960265Df0A1FB1AF139Ad94d	0xff51f11ffc82537fbd9052af8d1ca55e49181ca0d8b4370b75af96d9ff4f0798	\N	0
60	0x4BB8Ed615F8F768A0B4550E73278BEc9F64Dc917	0xb7b0a70e7c82e93c7adc2abde713f4cc1941df66caf6b1717afd9c543f323251	\N	0
77	0x65C25c72e54a331142021A1755CE0E98f6d3263d	0xfbf8c60351017311d63a1a7b2d499dcb37354708a6e58bd15ed2b7a19c71929a	\N	0
97	0x273Cc6C6D81EA4beaa85A16347Cc32Ed0f826F05	0x06e7e94d1709d419d7ff9f9492f4a1042e3d9e737af5d9bc49db1e887e329f42	\N	0
101	0x8bDa727268276cB80aEe7DfADF9BE537FB54A446	0x66219da912cbf2f17c753ca45c171af9b0f8efbcfec191710530033e2efb29e0	\N	0
194	0x10697FeD2C6607581a19f9b88DcE47E51E07BfCf	0x26eedddbb274291208614ffff74523f13591babdb2384f8bf61f68091d728607	\N	0
154	0xBf33dacC5eed0C3aD31a09C8588E9A3fdbe9c950	0x550d537ac83f5ded472c94bd75555007d07aa0aec4d9d44de271a0db9c2cfc2c	\N	0
11	0x856cF036d12ef6011fE5a46ACBB30BB96b6744E1	0x254b6c2b52b027104edc3aefbba3e3d1681500078d88b4f8ff185095c3ca66f8	\N	0
56	0x695B987268bBb8E51bc440fED21D630cd5D7CeE4	0x6961bef4df5b612e5a78e6050b9edfca2a9a6368aecf962dbea27a2e931b9bb7	\N	0
148	0x97e8953C3d0e947a682745D91fdd32bfEcB02d9C	0x8542c5d811449cb7040e4710f19c3b09c7be722087527f88fae4dd46097bcac2	\N	0
158	0xf9170135d131dd010Bce8D28A6514aFc4d03E1e4	0x25aece9431d84f35cb8253d6ab0f5d84c3b9899636ba64e154cf5953fe355849	\N	0
23	0x0cBB0aF0E84ce83302992059C8C4D24B934b1E7b	0xbe3577ab3d4e0eab1ab0e90491056aaef06822bc57e5a68a2fa65adc317f8552	\N	0
4	0x6981406660fF8a7e11191f25d33C07d708A467c1	0x6c4d84572a03d50f7d27f766efd96257c7136bf469b755c3731ae8ee0e4540e7	\N	0
214	0x07196EC8510B16A710e5D0c18fb6506fDF094321	0x2fddac564c6a4d65531e9b1238451c0312a7221696979b77138db4819a9dd19e	\N	0
24	0x64E4C914FDE43a440b03ffFe6f5242fF1Ea12152	0x7b4b5799e3d9f1beae0e690262b74f166abe2a061a4659e9ad4b860335947f82	\N	0
239	0xD72D84DC8a6b91253198DFAbC87EE3AA0A5851c3	0xe7c502c912d6c023e13dbc55e19d0549ed4ea15a9fccd84c16056070b0688ea6	\N	0
245	0xF75c141a2A35e3f6C1bfE6C6b1eec4727cB079bb	0xc593e64a53359568d62a1258c58f7099a05857da38abfa92bd4aa4a8d1f55e8c	\N	0
41	0x054B5738B49662c05940324F9E4E275E26835350	0x080d2fb0cafc3103b5a2657db028871855a7b7ce7cf35e9e8f84e1cac6a90885	\N	0
38	0xC2dE7DdE80C888C5995a305df3d3c313Bd61B09e	0xa2fd411b96bc5ea9abb1cc9584612a81f6b2e474f816b22e8ced8a8b546f6e2f	\N	0
197	0x19068108aC116F1d56844641eE7d75Ef9cF07e8A	0x0eda75e96eab55346e4b34a550d5220264df55eabb9d18afb86f8a228289f6b0	\N	0
145	0xA973BcA9dC9De2d2286a9F7db1119C9D8060C4d4	0xba69980250df8b5c91905f1c46d985b4bf5980801408b50dbdf165d62b2b2e00	\N	0
119	0x7b0fc6f3c8a7d4aac3b0F4bA752b4469A515a895	0x04c623c5cc2766d2a69189da828e012c6fb54fa6b3517b74a0682fc7e2b1eed8	\N	0
137	0x5679e223e81f60a2dc979553C8365541665Eb7BF	0x764218904350505cf2e31ddd07aff2797c8edbe0572f297c40766bcf1df740c7	\N	0
127	0xf3cA7292eD2407746C516F4CB84181C988a60467	0x8b4955049417a9441182c34b6171309c5be60218c163b1611c63348d49af89d4	\N	0
129	0xaD2E3DB01A824B52A8daEfa4b0c77d9CE5424536	0x3d9ba5a845e825f6f24eefd8b53609dbe2f467193f02161c4bfb4d56836e4d7c	\N	0
183	0x70923Ec62E0d657fC17d437391dFC094219b3aD7	0x2fb8f3074c56f67a8b292555c513dd0a8fe058a7adaf8698fd92eb9bd1bc06e4	\N	0
19	0xecaCd64EDaDB7f47EE6b542c12fea186a97B9866	0xf50c6d922ac5501826e6726bd466ca40342d9a4a9f0b61b92a78d9fff91c4c29	\N	0
220	0x42580BC1E77247eED5F3F2E1a2802a1bF6fE34CD	0xb7e4f6f244c97f02d15b77d94213ba18a17e9c2106592955181e8bf253b5ba48	\N	0
10	0x1C3e9696E8C2130d50AA5295E0faFab34cd64c28	0xf60ca59f0bf9cc40e68eb329e32f8a3799b83a347e31c88c580fd1cb096d9e23	\N	0
118	0x17890489501E049e463dF9E176e738221bDe67C7	0x0420ffbf93cc25c920bb9cde0dd1a2d57bdaa7e88055730bff4672d22c70f1b4	\N	0
32	0xEF0EcF9F1b06beCD9e395f979f2Aa62DA30aBF8A	0xbd45067929597adec6a40ea76a89153c0ca88fa565505b1884d2330b1599f318	\N	0
151	0x54d2187A61c4b7Be9b911b1D466F3BAE95E06dE6	0x3b27e24bfaf67e2c299052a7bd1453004eea726a58fe86f09c114bc5db341f0b	\N	0
96	0x8825194fDf3e1DCe0834D0dcF9e0e7c71174245A	0x8446f1d299a9f54d7a8afbdeb424a7362b5d50211621cc1dcdc3d88be6a319a5	\N	0
260	0x77F5374C19e8b809DA8B1720658c464EcEa46B64	0x7ba1648bd68012ae6004f768b9ed7271beab1896cdc9c67e4867218d006eefe2	\N	0
66	0xc774BD93634653BE844379702Fc60e5cE69cF658	0xf173f7b5a912388f7dc79fa49297b8ea390be404fc6d752c4663c1a6c9c6ee34	\N	0
174	0xEAEb62Bd1A95881a2aB1c28048740afA27Cc507D	0x6e8afefd48224132f58c041a67fdcf51f3bf25605fff9e5d715f8a4cb18f925b	\N	0
159	0xE6192B233F3274DF99bF9EDBB6982E304587781A	0x0b7deac92abd74851be968806bee05b953c3ec899d7130742d887dc031520759	\N	0
61	0x024163a6e2F7888aEEc7D7DC24Cf346d40a58854	0x272bc05c8bd1d0742482ff7b36e6dd71d95f2e38e475cdbb4430b081363873fa	\N	0
63	0xF31b2CD59C624d1Cef615e0320D1a5BBB23d07Fd	0x8e92e680a2f2a1fd3a3751a4ea37666b5f633abaeeb05a39cc3d4ac2e245a682	\N	0
271	0x9d13923a23e5C8905e1B306ccfF45F06902947f0	0xff02eebf9530d4f6e6caed32ea1207498b5a9b193a43059aa2bf6dcec9448234	\N	0
248	0x337b7c6bB8e85FCEB21DeA77D1dC8e09199FF81C	0x10ee22455f1f6a70681c6ca243de7a8a9916207de39c68cc9bc3047578e7d8ed	\N	0
270	0xf30B4fD90f78c746fe3BC6BbE25fBF33A9C5461c	0x65a69c7700d83573c844dd07e5bcea2089603d15d806b49fe7d40fd9f0e0596d	\N	0
42	0x156bdFE9c2c0f2b8c244B6c0ba6faba439F93A68	0xfa1ecbd4e620e120ca0f75d7c412310203d8499fccda297affa5ee0fdd41256a	\N	0
217	0x5D5f2eA2BD2BDd31Baf9ee1C46183f9AD8dF70ee	0xafb7c999a1c2d6f23be2f2129cc95ea191412f184cc8379f9eee09af15b704ac	\N	0
144	0xBfb5bF3EBC4e4a6Ea58b66404cfDC2E35177770F	0x69b093dbac28acc1fc5062bf2ea3772af5767d04eaeb1773eca2195999a3d34d	\N	0
55	0xD99EC8eba48B5E4a13Da72B9358fC086C67d7CD3	0xa4cbd5b463b42a1dbca06900856d04c51cfd550ea12c2f41e08bd8ceb9adf931	\N	0
79	0xB379c3843bBAa75dD9304F3D52BA1E498aCB891d	0xf2754bdcce4a70e7116331341b47c508a34cb984c578f3c83b9301619b8fed41	\N	0
9	0xcdB81A6A370BE361CCDCd181B9678CBC57EfD938	0x2674f44704cd3b05baddb1cb24cf86bb46f67d39f6f5f7c9104d787f23b71c47	\N	0
70	0x4B7445796EF7Bd4687023fc694A0b73eEF9d13cd	0x8a6b2cb2a85127de9490c80a4054dcb263f06457d8e17f0f1bf7f36a4c91efaf	\N	0
243	0xc87f1Af190386E90fBADC08E1B2D7927F97bBB95	0xb2c4040ba9922a945c9bb9cd02bec01e358eac6539257a392a68f24119de9246	\N	0
130	0x3AC2A6b21F292F028bAb49B3C29cC62EA32cdD45	0x2784d9cce21aa9810d6f48277a2c307d229e1dacdfea4f42f40e87ae4e65a077	\N	0
224	0x5BB085A161FC6E53a808DA6fcDfFff74B7f10C29	0x26773b732ca1a10801d5adbc2ee8bb9736c1a53c428fbd0f7d50bc7e7c4e7df6	\N	0
17	0xD9586a782D9E17E0431E1726237d1A30f9c58946	0xec1cee53651f40f950a5799010d0dc0bc01ff34b872cffa706000e27502e5953	\N	0
167	0x4733d2475bdC5aF2b635cCD5d840D123935E8cfd	0x1d273a67afe73f97ba84544a4f7805242f45d09aaa8036791b0ac26c95a47a68	\N	0
176	0x1ECC3Ae62eB4f2771Cfa5499E2F8120fD5a59a80	0xc532eec48c5d1f75e1b5f70fbcf3ae07bd40e79f16f700548925e981eae70b55	\N	0
131	0x3E2C709C2D413bE262Ed06455A82CF63863f442a	0xebf1ec109480bac109ce5500a23ca038c4fc2e20fac5a39297c560408ef01586	\N	0
267	0x2e210798c0CEf7e7e6cB492c45E29D7e45713E6D	0xbf180dc920773f26fb66ef27bb7004b50838bd0f40bceb86aca2505aad014125	\N	0
161	0x6841397DceED0fCF151d6dcF4ef54C4152e0044E	0x90e017c24f58727c241a359bf6fb0bab65455f309c78588904c672951ef18cc3	\N	0
262	0x9aAe56d168E406B7aBB8C4c049b5b03AC6C08D2a	0xfd6b22c75a4b0a7b3660be185d9dcab23482f073d6ab992e05115b68ba8900f4	\N	0
231	0x801Bd5Bd3E4EAAe563B19f96eBf302942F039B3B	0x77650814355c25fe41363870b453e05913c1ec633dd6aae5af83702cac14cc31	\N	0
45	0xFBc67ed3C4249e96955688739794Ff93aE5125e4	0xc97f144fa745679290eae3470ab53aa733e0e90ffb73ebfce3e789da6ef753fb	\N	0
246	0x01B4aEecd3038230D0c165CaF51aA5775E7dec00	0x757cb84306e846b83671c6b869d7407e12acac606bee37f3c1a83a5ab8f08ed8	\N	0
215	0xEf8ce688Cdc5d60caFF3DD6a3B889e60cB52a8A5	0xbd3d3fea2753ff31d0e0d13e5c7dffa6a6c5305d024be6ad7fbdaf47ac023007	\N	0
87	0x2645C72295E9BEeFB434Be10598091EfEEdC6D59	0x2e73319973214ca0f53c03780bc751e4866ed38bbe4c2338baaf8ed05ca7f485	\N	0
211	0xf804A0e4aA9De9E9bf4007957D48f15D2097110A	0xd6a5f666077b08b66d2bbd82645db534b730bacd770a54987d6039c64f637b2e	\N	0
25	0xabad0092e1A2e973f239c8e9739659347FBdfD94	0x891bccd157ec1958c81272b2748f64d244bf5e40a6fe7af75a8f15872afb4a67	\N	0
82	0x7E2DD7019Fef8F8077f2D95689df264799e612D8	0xa012a77a5900417a05394728d798fcafb212547a198559220707e0d82a457903	\N	0
91	0xCa3fC186B9eb1Be93560C745B26E7ee4C4C78055	0xda5d63d965ba911080d99be4ce4348f20acf63e20c25271c328f87509dc8808d	\N	0
219	0xAe8597Fb3e68Ec63A31fe374fb8CC8E9EC20c349	0xf395c8ec68620f0bbfaf7cf186fbc2d440b7c780bc7e8fee98ec68a4c9263ebe	\N	0
106	0xc98625b2F8bA2Bb982729819F3De39ef180BfFb7	0x0e01973d17f37ef1e54a16b84236a1bb114d42a28a693fa8a8379b58bc4f6b3e	\N	0
54	0x5bAcd7608f7E126851E7DB889aaFD191B959eBbD	0x23169d8805906915e03f872b02e6a14efe9bc55575ac461896c417095901ed13	\N	0
258	0x54F7b0609503008Cbe896C14edd006029D58649f	0xcf36611e8d2dfa83289a9c3462d0776df7eeb9f07554378e4d46600e4a62982f	\N	0
165	0x1e7481029e0B78a6f489621715cabcB9D5e9C7F7	0x75cf1307a8066748a018397b9ba1e501f929125d351d6b8402e69206b2ad986d	\N	0
111	0xD27fFB4EA524d7917b7F3A62c12dFE4F3B4E1e36	0xb04cba00994bfe5b2ce2a9f3800736e531fceedbe354951c48a50ec3bff924b8	\N	0
28	0x3A97Fc21B33B9fd2b42872B220B0cc47FdEd36Eb	0x22ae88b50c41b98473097ccf2ff0e651f55742bd90a211c55ea43a5ebfece062	\N	0
235	0x9D5A8CA45a250a71120216F2fD4DDC2bc2301f4A	0x165fa994a5a192a625370a725816fd390b1fd7ff14bcfe195196589702162135	\N	0
\.


--
-- Data for Name: inv_items; Type: TABLE DATA; Schema: public; Owner: crypto_flash
--

COPY public.inv_items (item_id, general, student, price, invoice_id) FROM stdin;
1	0	1	0.06	1
2	0	1	0.06	2
3	0	0	0.00	3
4	0	0	0.00	4
5	0	0	0.00	5
6	0	1	0.06	6
7	0	1	0.06	7
8	0	1	0.06	8
9	0	1	0.06	9
10	0	1	0.06	10
11	0	1	0.06	11
12	0	0	0.00	12
13	0	1	0.06	13
14	0	0	0.00	14
15	0	0	0.00	15
16	0	0	0.00	16
17	1	0	0.75	17
18	0	0	0.00	18
19	0	0	0.00	19
20	0	0	0.00	20
21	0	0	0.00	21
22	0	0	0.00	22
23	0	0	0.00	23
24	0	0	0.00	24
25	0	0	0.00	25
26	0	0	0.00	26
27	0	0	0.00	27
28	0	0	0.00	28
29	0	0	0.00	29
30	0	0	0.00	30
31	0	0	0.00	31
32	0	0	0.00	32
33	0	0	0.00	33
34	1	0	0.75	34
35	0	0	0.00	35
36	0	0	0.00	36
37	1	0	0.75	37
38	0	0	0.00	38
39	0	0	0.00	39
40	0	0	0.00	40
41	0	0	0.00	41
42	0	0	0.00	42
43	0	1	0.06	43
44	0	1	0.06	44
45	0	0	0.00	45
46	0	0	0.00	46
47	0	0	0.00	47
48	0	0	0.00	48
49	0	0	0.00	49
50	0	0	0.00	50
51	0	0	0.00	51
52	0	0	0.00	52
53	0	0	0.00	53
54	1	0	0.75	54
55	1	0	0.75	55
56	1	0	0.75	56
57	0	0	0.00	57
58	0	0	0.00	58
59	1	0	0.75	59
60	1	0	0.75	60
61	0	0	0.00	61
62	1	0	0.75	62
63	0	0	0.00	63
64	0	0	0.00	64
65	0	0	0.00	65
66	0	0	0.00	66
67	0	0	0.00	67
68	0	0	0.00	68
69	0	0	0.00	69
70	0	0	0.00	70
71	0	0	0.00	71
72	0	0	0.00	72
73	0	0	0.00	73
74	0	1	0.06	74
75	0	0	0.00	75
76	0	0	0.00	76
77	0	0	0.00	77
78	0	0	0.00	78
79	0	0	0.00	79
80	0	0	0.00	80
81	0	0	0.00	81
82	0	0	0.00	82
83	0	0	0.00	83
84	0	0	0.00	84
85	0	0	0.00	85
86	0	0	0.00	86
87	0	0	0.00	87
88	0	0	0.00	88
89	0	0	0.00	89
90	0	0	0.00	90
91	0	0	0.00	91
92	0	0	0.00	92
93	0	0	0.00	93
94	0	0	0.00	94
95	0	0	0.00	95
96	0	0	0.00	96
97	0	0	0.00	97
98	0	0	0.00	98
99	0	0	0.00	99
100	0	0	0.00	100
101	0	0	0.00	101
102	0	0	0.00	102
103	0	0	0.00	103
104	0	0	0.00	104
105	0	0	0.00	105
106	0	0	0.00	106
107	1	0	0.75	107
108	0	0	0.00	108
109	1	0	0.75	109
110	0	0	0.00	110
111	1	0	0.75	111
112	0	0	0.00	112
113	0	0	0.00	113
114	0	0	0.00	114
115	0	0	0.00	115
116	0	0	0.00	116
117	0	0	0.00	117
118	0	0	0.00	118
119	0	0	0.00	119
120	0	0	0.00	120
121	0	0	0.00	121
122	0	0	0.00	122
123	0	0	0.00	123
124	0	0	0.00	124
125	1	0	0.75	125
126	2	0	1.50	126
127	0	0	0.00	127
128	0	0	0.00	128
129	2	0	1.50	129
130	0	0	0.00	130
131	1	0	0.75	131
132	0	0	0.00	132
133	0	0	0.00	133
134	0	0	0.00	134
135	0	0	0.00	135
136	0	0	0.00	136
137	0	0	0.00	137
138	0	0	0.00	138
139	0	0	0.00	139
140	1	0	0.75	140
141	0	1	0.06	141
142	0	0	0.00	142
143	0	0	0.00	143
144	0	0	0.00	144
145	0	0	0.00	145
146	0	0	0.00	146
147	0	0	0.00	147
148	0	0	0.00	148
149	0	0	0.00	149
150	0	0	0.00	150
151	0	0	0.00	151
152	0	0	0.00	152
153	0	0	0.00	153
154	0	0	0.00	154
155	0	0	0.00	155
156	0	0	0.00	156
157	0	1	0.06	157
158	0	0	0.00	158
159	0	0	0.00	159
160	0	0	0.00	160
161	0	0	0.00	161
162	0	0	0.00	162
163	0	0	0.00	163
164	0	0	0.00	164
165	0	0	0.00	165
166	0	0	0.00	166
167	0	0	0.00	167
168	0	0	0.00	168
169	0	0	0.00	169
170	0	0	0.00	170
171	0	0	0.00	171
172	0	0	0.00	172
173	0	0	0.00	173
174	0	0	0.00	174
175	0	0	0.00	175
176	0	0	0.00	176
177	0	0	0.00	177
178	0	0	0.00	178
179	0	0	0.00	179
180	0	0	0.00	180
181	0	0	0.00	181
182	0	0	0.00	182
183	0	0	0.00	183
184	0	0	0.00	184
185	0	0	0.00	185
186	0	0	0.00	186
187	1	0	0.75	187
188	0	0	0.00	188
189	0	0	0.00	189
190	0	0	0.00	190
191	0	0	0.00	191
192	0	0	0.00	192
193	0	0	0.00	193
194	0	0	0.00	194
195	0	1	0.06	195
196	0	0	0.00	196
197	0	0	0.00	197
198	0	0	0.00	198
199	0	0	0.00	199
200	0	0	0.00	200
201	0	0	0.00	201
202	0	0	0.00	202
203	0	2	0.12	203
204	0	0	0.00	204
205	0	0	0.00	205
206	1	0	0.75	206
207	0	0	0.00	207
208	0	1	0.06	208
209	0	0	0.00	209
210	0	0	0.00	210
211	0	0	0.00	211
212	0	0	0.00	212
213	0	0	0.00	213
214	0	0	0.00	214
215	0	0	0.00	215
216	0	0	0.00	216
217	0	0	0.00	217
218	0	0	0.00	218
219	0	0	0.00	219
220	0	0	0.00	220
221	0	0	0.00	221
222	0	0	0.00	222
223	1	0	0.75	223
224	0	0	0.00	224
225	0	0	0.00	225
226	0	0	0.00	226
227	0	0	0.00	227
228	0	0	0.00	228
229	0	0	0.00	229
230	0	0	0.00	230
231	0	0	0.00	231
232	0	0	0.00	232
233	0	0	0.00	233
234	0	0	0.00	234
235	0	0	0.00	235
236	0	0	0.00	236
237	0	0	0.00	237
238	0	0	0.00	238
239	0	0	0.00	239
240	0	0	0.00	240
241	0	0	0.00	241
242	0	0	0.00	242
243	0	0	0.00	243
244	0	0	0.00	244
245	0	0	0.00	245
246	0	0	0.00	246
247	0	0	0.00	247
248	0	0	0.00	248
249	0	0	0.00	249
250	0	0	0.00	250
251	0	0	0.00	251
252	0	0	0.00	252
253	0	0	0.00	253
254	0	0	0.00	254
255	0	0	0.00	255
256	0	0	0.00	256
257	0	0	0.00	257
258	0	0	0.00	258
259	0	0	0.00	259
260	0	0	0.00	260
261	0	0	0.00	261
262	0	0	0.00	262
263	0	0	0.00	263
264	0	0	0.00	264
265	0	0	0.00	265
266	0	0	0.00	266
267	0	0	0.00	267
268	0	0	0.00	268
269	0	0	0.00	269
270	0	0	0.00	270
271	0	0	0.00	271
\.


--
-- Name: inv_items_item_id_seq; Type: SEQUENCE SET; Schema: public; Owner: crypto_flash
--

SELECT pg_catalog.setval('public.inv_items_item_id_seq', 271, true);


--
-- Data for Name: invoices; Type: TABLE DATA; Schema: public; Owner: crypto_flash
--

COPY public.invoices (invoice_id, balance_due, eth_id, discount_code, date_created, active, discount_sent, refund_requested, email, uid) FROM stdin;
257	0.00	257	1hctnjzxa8m	2018-09-11	t	t	f	elidia@geburtstagsgruesse.club	rdi8xspcs4c
254	0.00	254	p6cyn7m704	2018-09-11	t	t	f	yer@c.socialsergsasearchengineranker.com	tvibtj2bg4g
252	0.00	252	5qalrjyagzf	2018-09-10	t	t	f	72217lozito@towndewerap23.eu	bz7su2puht
248	0.00	248	mooucw2a6e9	2018-09-09	t	t	f	myrabonner@ruby.factorican.com	yili669xb2
245	0.00	245	xrv4p26tsv	2018-09-09	t	t	f	lynne@bali-traveller.com	oj20vav8m7f
243	0.00	243	wt3gv5k2oj	2018-09-09	t	t	f	jude_jiminez@eitnier.cheap3ddigitalcameras.com	jub1ed3tawi
263	0.00	263	vvzfetiikg	2018-09-12	t	t	f	norma-brittain11@engleby83.sfxmailbox.com	239cngg2uun
247	0.00	247	j5mu8gwdylh	2018-09-09	t	t	f	rayvenning91@ruby.factorican.com	n75qol14ifb
242	0.00	242	u645rvfg8z	2018-09-08	t	t	f	everett_aviles29@holsey.softhandscream.com	8w6bwsngizi
265	0.00	265	tpz3p34bst8	2018-09-12	t	t	f	edgarcoons@ruby.factorican.com	poukdszft3l
241	0.00	241	m5580fi6wi	2018-09-07	t	t	f	freddy-kunkle@bratt.modernsailorclothes.com	c3h13x0oq5t
249	0.00	249	80sq7ts4y0g	2018-09-10	t	t	f	merrigoshorn4621@premium-mail.fr	cgraub1eoqs
269	0.00	269	mnk802ki1c	2018-09-13	t	t	f	trena-mansour@surles30.silkwomenshirts.com	81uohkguty5
239	0.00	239	aqcsr50nluc	2018-09-07	t	t	f	margarite@gsasearchengineranker.services	f7i24jdnpyt
237	0.00	237	dbnx6dj6z	2018-09-07	t	t	f	lanesage6411@reality-concept.club	h6afybw6nfe
236	0.00	236	uofwl8yfbu	2018-09-07	t	t	f	dorrishidalgo1@her.estabbi.com	lrcezztz2q
235	0.00	235	8bga7v4xpww	2018-09-07	t	t	f	josef-olson@kluver76.cottonsleepingbags.com	g7z91y1g51g
246	0.00	246	krtndaocfzc	2018-09-09	t	t	f	gisele_bolin79@engleby83.sfxmailbox.com	a88hpsaiu2
226	0.00	226	akgmwg62zj6	2018-09-06	t	t	f	olga-carlton@sholtis.junkcarsfloridamiami.com	kt6jjj2g66l
244	0.00	244	6dgv86kbwgh	2018-09-09	t	t	f	leta.gorman21@barthold55.newfishingaccessories.com	dns9elo3khc
271	0.00	271	1ytsiliqjlri	2018-09-13	t	t	f	leannanewbery7440@absolutesuccess.win	obidegz6lln
225	0.00	225	da9th9ey67g	2018-09-06	t	t	f	bryce-gillespie@worchester43.softhandscream.com	p8nxencqqzt
240	0.00	240	vpc1ohhvgeo	2018-09-07	t	t	f	youzhuo849640689@163.com	qawy5qc717k
238	0.00	238	lcq2ystqnw	2018-09-07	t	t	f	t1lock@mysitemail.info	pnvdr79oyh
228	0.00	228	xr0plnhc3am	2018-09-06	t	t	f	lon_grisham@calderone84.instambox.com	ouuqgu0a1e8
230	0.00	230	6l1lhc976tb	2018-09-06	t	t	f	ina-quam90@casiano.newpopularwatches.com	9fofcl53ixp
234	0.00	234	mmkddr8ed	2018-09-07	t	t	f	xiomara.wehner62@emeline3.silkbeachtowels.com	f77q8995bm
222	0.00	222	tl1bwsz4w7e	2018-09-06	t	t	f	julius-rasp@barthold55.newfishingaccessories.com	bw5evjf5rt
220	0.00	220	rb0zuv6hsio	2018-09-05	t	t	f	xianzugp252579@163.com	crsbsi1n3a
213	0.00	213	sejb955rxyo	2018-09-05	t	t	f	stephaineo'reily1@most.ragnortheblue.com	8h70lv745g4
215	0.00	215	of3zwmuw2nn	2018-09-05	t	t	f	lily.bohner@zumgeburtstag.info	f5igpuzy5dm
208	0.06	208	e91ezk6yswe	2018-09-04	t	t	f	sgattuso@u.rochester.edu	5ij9a1owxu7
217	0.00	217	xr7ho8pw83r	2018-09-05	t	t	f	rosalyn-kent8@wagenblast.cheapgreenteabags.com	tx9ybgzjtu
210	0.00	210	oau4lc8ssed	2018-09-04	t	t	f	drusi@buygsalist.com	n54h5cvy37
202	0.00	202	l5tcwc8iti	2018-09-04	t	t	f	clarissa-kroger84@wisch.cheap3ddigitalcameras.com	xa4d5msh2bl
198	0.00	198	suvm6k1r5c	2018-09-03	t	t	f	roberto.castillo67@kluver76.cottonsleepingbags.com	4q460kz17tf
91	0.00	91	uu32pw2q5s	2018-08-26	t	t	f	alica_brewer@sholtis.junkcarsfloridamiami.com	me4v66qb91
104	0.00	104	js55ru9oxz7	2018-08-27	t	t	f	charlie@b.bali-traveller.com	1al440tbnzv
258	0.00	258	sghdz78237	2018-09-11	t	t	f	elin@geburtstagsgruesse.club	mybkvlajgvj
140	0.75	140	9d8lz12xobc	2018-08-30	t	t	f	nikolay@paxdatatech.com	tybmu88vm7k
193	0.00	193	029bd8ifur6s	2018-09-03	t	t	f	earlenekimbrough64@happy.vocalmajoritynow.com	0yalwlafzudi
182	0.00	182	6rz1o3ol0b6	2018-09-02	t	t	f	groverstoll@schmid.cf	ej37e5dlkxg
199	0.00	199	r8pue7q3daj	2018-09-03	t	t	f	kandi-mcdonell64@lanois.latestconsolegames.com	6ci2llfp9ma
184	0.00	184	cg5jkntvuhj	2018-09-02	t	t	f	keenan.eagle74@clinger6.glasslightbulbs.com	899lvefhr66
186	0.00	186	en2mvx222fw	2018-09-02	t	t	f	aurelia.townes2@ossowski74.freephotoretouch.com	38k9nga902j
53	0.00	53	awk7d9co6pp	2018-08-21	t	t	f	almeda.lind@emeline3.silkbeachtowels.com	nxbwdep3ap
195	0.06	195	4eypkvseq8y	2018-09-03	t	t	f	florian@earlybird.com	668tbfgv2uu
188	0.00	188	de15r454bh5	2018-09-03	t	t	f	gilberto_powe@bawer.nicewoodenbaskets.com	hohfcorppf
190	0.00	190	rk4ke1b8ze	2018-09-03	t	t	f	ebony-dexter@kaycee.dynamailbox.com	74g7ifhel8
54	0.75	54	ehxppwxfcuc	2018-08-21	f	f	f	tbogus@gmail.com	fmih2ljumku
56	0.75	56	dmpn3lw33q	2018-08-21	t	t	f	nikolay.kuznetsov@hotmail.com	hlzzzyr17uu
71	0.00	71	ytj8b1takpq	2018-08-23	t	t	f	winonasurratt78@happy.vocalmajoritynow.com	psadari2ifb
72	0.00	72	jt1mj2c3sj	2018-08-23	t	t	f	piper.denney@eitnier.cheap3ddigitalcameras.com	jvntxge71am
73	0.00	73	cajf6kd2t94	2018-08-23	t	t	f	jacques.crump@engleby83.sfxmailbox.com	fgls2de0l5e
74	0.06	74	w4eh9jf6jff	2018-08-23	f	f	f	caspartheater@aol.de	dai6g5z21l9
76	0.00	76	g7jf9wfkw9v	2018-08-23	t	t	f	clarknobelius@happy.vocalmajoritynow.com	5vcpnwqiiao
83	0.00	83	lxjes1cjnk	2018-08-25	t	t	f	van.brody@maul38.junkcarsfloridamiami.com	7hasxw0dk9
85	0.00	85	whrpyr5smcc	2018-08-25	t	t	f	biancaupton@most.ragnortheblue.com	akmnfkgid2
221	0.00	221	vf9pacdio2s	2018-09-06	t	t	f	enrika@gsasearchenginerankerhelp.com	l0aj9y6txqe
95	0.00	95	tw21xjyi3l	2018-08-27	t	t	f	magda_kline43@calderone84.instambox.com	drj4isux9ms
169	0.00	169	2k25h2wet2t	2018-09-01	t	t	f	sabina_lawry41@casiano.newpopularwatches.com	ru8618prs1q
205	0.00	205	wh2rxyajr3p	2018-09-04	t	t	f	pennyleal@her.estabbi.com	unb8nhndycc
203	0.12	203	grgvabv5xb9	2018-09-04	f	f	f	collin.myers@consensys.net	qjktqv8yiw9
99	0.00	99	ph2yzv5mkq	2018-08-27	t	t	f	shelliengel21@her.estabbi.com	wyd3vohtdqp
197	0.00	197	vxh0sl3g2z	2018-09-03	t	t	f	stacygutierrez87@desk.ragnortheblue.com	qk7s2uhzz3
100	0.00	100	qih4lu0qebf	2018-08-27	t	t	f	aida.cansler89@ossowski74.freephotoretouch.com	jknhixoh4em
102	0.00	102	8zrr7aitxtt	2018-08-27	t	t	f	shellie.gain@calderone84.instambox.com	1aev0ae3yx9
103	0.00	103	2kcxnhf6zh	2018-08-27	t	t	f	localpestcontrol@mysitemail.info	0utm8six7gd8
107	0.75	107	a9zzjh83cw	2018-08-28	f	f	f	qingyangkong@cryptape.com	l64veyof69
111	0.75	111	6sfoxof60k4	2018-08-28	f	f	f	tzanko.m@santiment.net	fq3ga446dve
30	0.00	30	8q5jr3t8d38	2018-08-19	t	t	f	michael.brown351@getmailsonline.com	95o5a0ugjte
266	0.00	266	v90vm54bg9j	2018-09-12	t	t	f	cecilia_cobbett@bratt.modernsailorclothes.com	ycho831dgi9
264	0.00	264	cpx5nzvrzh8	2018-09-12	t	t	f	elenora@geburtstagsgruesse.club	lr6xudkcyys
183	0.00	183	xlao4pul5j	2018-09-02	t	t	f	harold_bunbury@wisch.cheap3ddigitalcameras.com	igkcqesgx9d
117	0.00	117	xt16jfih5n	2018-08-28	t	t	f	julianne.mendez@joecks53.fancycarnavalmasks.com	fhfrur5h5p7
180	0.00	180	l4so6vadl7	2018-09-01	t	t	f	warrenlord60@happy.vocalmajoritynow.com	5lhjw032c2v
175	0.00	175	8vrpu88zcel	2018-09-01	t	t	f	wan@bali-traveller.com	e4axaw5kpru
179	0.00	179	xnq9ejollis	2018-09-01	t	t	f	rodrick.fabinyi90@engleby83.sfxmailbox.com	kw4f4coryo
178	0.00	178	nosy3ngwpjk	2018-09-01	t	t	f	xianzugp252579@163.com	255kd2lvv77
52	0.00	52	mtayg79pima	2018-08-21	t	t	f	hildred-afford21@engleby83.sfxmailbox.com	mdf1dsuudw
24	0.00	24	ko0hb6gqks	2018-08-18	t	t	f	franklinburkhart85@medium.estaxy.com	fdh4pbqwdl
26	0.00	26	i2l1cm9opyf	2018-08-18	t	t	f	elvisgoldschmidt39@medium.estaxy.com	1yi8yj2k0vg
27	0.00	27	7qy6vuifxlf	2018-08-19	t	t	f	starla.bayne31@worchester43.softhandscream.com	9vil7q13tgr
29	0.00	29	it4z6scxms	2018-08-19	t	t	f	antwan-clyne@ossowski74.freephotoretouch.com	yy9od80wz4
32	0.00	32	yoifetuahp	2018-08-19	t	t	f	cinderella@g.brainboostingsupplements.org	kxr8l844k3
33	0.00	33	u77j3p23d4g	2018-08-19	t	t	f	jesenia_coburn@calderone84.instambox.com	jy05wuzibp
34	0.75	34	yad254v8h4l	2018-08-19	f	f	f	jake.gillberg@gmail.com	2nboioccz8n
35	0.00	35	i41tbcll5qp	2018-08-19	t	t	f	phoenixplumber2000@mysitemail.info	lrxj8tt5ry
37	0.75	37	cz5ijdgtwkn	2018-08-20	t	t	f	min-si@bitpesa.co	y6t5giz3i5
43	0.06	43	jvei8kmppu	2018-08-20	f	f	f	steve@pyrofex.net	e7byygc0tbt
70	0.00	70	cy827zsv6wk	2018-08-23	t	t	f	kristian.harmon30@lanois.latestconsolegames.com	bx4sfehntb
229	0.00	229	8fcqumyz60a	2018-09-06	t	t	f	margaretteashcraft@most.ragnortheblue.com	sjae7s7bila
227	0.00	227	izk87zmfb7	2018-09-06	t	t	f	ivan-crespo37@calderone84.instambox.com	vt7imdnj48o
55	0.75	55	kerw7ae2thh	2018-08-21	f	f	f	daniel@fail.ock	i1jgmck8qmi
88	0.00	88	d7ih1di43f6	2018-08-26	t	t	f	scarlett_contreras29@senteno64.instambox.com	qqg5sibkwe
253	0.00	253	cs9ny8hah9t	2018-09-10	t	t	f	amy-harman97@patry.spicysallads.com	bkr74fmmc9
57	0.00	57	99r6dcq5yuh	2018-08-21	t	t	f	ulrichorchard3062@ecolo-online.fr	ze0bx4pjgc
216	0.00	216	onv4i9kpkbo	2018-09-05	t	t	f	huonirx73431@163.com	sn1grp6fa9s
59	0.75	59	2nj5shh732g	2018-08-21	t	t	f	i@mariothiel.de	gnxjemhickh
23	0.00	23	kyxspes7kb	2018-08-18	t	t	f	cesarburbach@medium.estaxy.com	ib9zlp0mjxg
259	0.00	259	m0bi90qweo	2018-09-11	t	t	f	mohammed_kippax@surles30.silkwomenshirts.com	66xkq25ue6s
201	0.00	201	iyjv5i3u7w	2018-09-03	t	t	f	willy.hickey@calderone84.instambox.com	kvueb6z9pbs
63	0.00	63	97s06hxcll	2018-08-22	t	t	f	dianne_poe55@bawer.nicewoodenbaskets.com	jdy725jyh
64	0.00	64	ubuzn2njf3c	2018-08-22	t	t	f	albertha-dutton@surles30.silkwomenshirts.com	3v9dn74fuw7
82	0.00	82	3ofkgmtlwr3	2018-08-25	t	t	f	danniecruz@desk.ragnortheblue.com	wqll5rtqfx
165	0.00	165	3a5sygu93kx	2018-09-01	t	t	f	jiayuo508056@163.com	eiff97pjpop
10	0.06	10	bj1orm7hi6n	2018-08-16	f	f	f	steve@pyrofex.net	uutubccldw
270	0.00	270	3wen3hivvz3	2018-09-13	t	t	f	felipamccracken5670@web-ideal.fr	8sewh1l072e
200	0.00	200	6s9ligvs5lt	2018-09-03	t	t	f	agnes.cable@kaycee.dynamailbox.com	4yg736cbvq9
108	0.00	108	iz4mv7xuypk	2018-08-28	t	t	f	elliot.towns93@ossowski74.freephotoretouch.com	m3a3cbua79
194	0.00	194	gzn47yaw25n	2018-09-03	t	t	f	dakotamullen6308@premium-mail.fr	91p5dpxbav7
112	0.00	112	c7rbzvnkpq6	2018-08-28	t	t	f	felica.bugnion@surles30.silkwomenshirts.com	kl2qsyr527
187	0.75	187	zzul4qx5g8a	2018-09-02	t	t	f	dima@ethernian.com	sk9pbmkwwzc
168	0.00	168	1txgbcpkmct	2018-09-01	t	t	f	yanhunrd86849@163.com	onqh3rqwgu
185	0.00	185	hcz8b0jwko	2018-09-02	t	t	f	fidelreid@her.estabbi.com	5j1tpf4i6tc
181	0.00	181	xad8mdsf2to	2018-09-02	t	t	f	christy-serra@smotretonlinehdru.ru	l11xr5dhbul
93	0.00	93	umog3qn1dwa	2018-08-27	t	t	f	celindakirkpatrick@for.dobunny.com	vi56dt3g6
109	0.75	109	8l4renshlb9	2018-08-28	t	t	f	nickhill@collaboard.com	jmcln48lsn
211	0.00	211	eybhqq0t71l	2018-09-04	t	t	f	miranda.van31@zannino13.leatherdocumentbags.com	2c82wz301hv
110	0.00	110	16e3k7n5san	2018-08-28	t	t	f	alphonse-edgley@bawer.nicewoodenbaskets.com	ytn409creq
94	0.00	94	o0ywe6fb2zq	2018-08-27	t	t	f	lesli.buchholz@sanluis13.junkcarsfloridamiami.com	d4d8tjz7mpo
192	0.00	192	iy0fwklc5fr	2018-09-03	t	t	f	mariioser049@bankomi.pl	025cd7gpgmy7
101	0.00	101	b7yf1umy3tf	2018-08-27	t	t	f	mylady33@mysitemail.info	urlat90bpx
209	0.00	209	9c8qtrne7f	2018-09-04	t	t	f	ardis_witzel45@dallen55.coolyarddecorations.com	1vukuifd2xci
113	0.00	113	ijl4y8fofc	2018-08-28	t	t	f	francescocato@happy.vocalmajoritynow.com	xbc6vxsjurh
116	0.00	116	rlq4no6yxd	2018-08-28	t	t	f	phoebe.bly48@joecks53.fancycarnavalmasks.com	q0caj1e5v8j
131	0.75	131	lohtjj03mr	2018-08-30	t	t	f	ekhvorostina13@gmail.com	p1pzo8stwk
132	0.00	132	up19s7xjnjp	2018-08-30	t	t	f	ahmed.witzel21@henry93.dynamailbox.com	81vue0oeb2q
177	0.00	177	0cun8i4k83oc	2018-09-01	t	t	f	pinjiah88576@163.com	ehtl10q14l5
143	0.00	143	u9t9n4zj1qq	2018-08-30	t	t	f	darladanner67@desk.ragnortheblue.com	3j18mwmmyqc
171	0.00	171	9gh78m7gb2b	2018-09-01	t	t	f	taoxinggz666125@163.com	f8tkswery7e
1	0.06	1	sixphhbs9y8	2018-08-16	f	f	f	steve@pyrofex.net	kzt2054b32
2	0.06	2	q203yuamo6	2018-08-16	f	f	f	steve@pyrofex.net	y40eylpjd5l
3	0.00	3	ki6czy110sj	2018-08-16	t	t	f	stevenvillalobos89@for.dobunny.com	b1o6joy5i66
6	0.06	6	ujmgqbum3qp	2018-08-16	f	f	f	steve@pyrofex.net	e0cu0bgi54
12	0.00	12	tveuhxsrw5f	2018-08-16	t	t	f	groverstoll@schmid.cf	ue6egnb2jn
13	0.06	13	1qs4glv5bp4	2018-08-16	t	t	f	steve@pyrofex.net	abdxx4oivnc
46	0.00	46	x3d8od9b5a	2018-08-21	t	t	f	christoper.barbee81@agd.sanok.pl	8876hylst12
51	0.00	51	pkmirlz7vk	2018-08-21	t	t	f	groverstoll@schmid.cf	2cxjn2d6kmu
14	0.00	14	lv69i90l23m	2018-08-17	t	t	f	wynona@wp-viralclick.com	7q6ek9syg0o
15	0.00	15	5mi048fqqoq	2018-08-17	t	t	f	claudioeberhardt7390@0815.ru	0yvjnufiwtw
16	0.00	16	iixy1m2sv5e	2018-08-17	t	t	f	jenifer-kidman76@schaeffer96.musclejapancars.com	387619drzv6
18	0.00	18	h5s1rovf03u	2018-08-17	t	t	f	ethan@dietingadvise.club	8yqybdbzvqv
212	0.00	212	v68898qa478	2018-09-05	t	t	f	martin7@href.re	3lbqb9aqrck
89	0.00	89	xsut669zeb8	2018-08-26	t	t	f	noemi_derham30@surles30.silkwomenshirts.com	a499ek9jsan
92	0.00	92	609g8mojz1e	2018-08-26	t	t	f	rico_de hamel98@lanois.latestconsolegames.com	8wmjfv42ek7
11	0.06	11	z5tg8whalxk	2018-08-16	f	f	f	steve@pyrofex.net	tb7gh2tdd5f
214	0.00	214	3ac5e30xvpv	2018-09-05	t	t	f	lacie@allesgutezumgeburtstag.info	oa7b4y02fl
97	0.00	97	n0nibmzilp	2018-08-27	t	t	f	ladonna_mcilwraith73@henry93.dynamailbox.com	8o4g8qjokc5
172	0.00	172	e6p3tsnmsws	2018-09-01	t	t	f	huangfengvf684215@163.com	sa5qeje0nj
36	0.00	36	egg9zusnoj5	2018-08-20	t	t	f	minna_mize65@kluver76.cottonsleepingbags.com	ajxbsfm4e7a
38	0.00	38	5khw7mkj9xk	2018-08-20	t	t	f	basilia@brainboostingsupplements.org	vf46q0vkb0k
170	0.00	170	kuxrqu1arys	2018-09-01	t	t	f	stephania-brousseau@emeline3.silkbeachtowels.com	2me6jp49hwc
251	0.00	251	56u84vcj0q9	2018-09-10	t	t	f	corinequilty@mailcatch.com	2sac2gf4ayw
39	0.00	39	jo5cziapi5m	2018-08-20	t	t	f	layla_cartledge@engleby83.sfxmailbox.com	lvrycxour6
40	0.00	40	5q9xkkr9izc	2018-08-20	t	t	f	dessie.lovelady@lanois.latestconsolegames.com	qtrx2u72xcm
41	0.00	41	lyk7xvqktg	2018-08-20	t	t	f	amie-baptiste27@sholtis.junkcarsfloridamiami.com	j1191d5djg
44	0.06	44	o1eyubitsuf	2018-08-20	f	f	f	steve@pyrofex.net	skqf83gk21c
48	0.00	48	w1z2zvnnaah	2018-08-21	t	t	f	lurlene_rainey@senteno64.instambox.com	9jdtw3nlzmd
49	0.00	49	gc17qwpgc8	2018-08-21	t	t	f	latosha_doughty@bratt.modernsailorclothes.com	flnm8g50uoc
50	0.00	50	71hd9oho3ku	2018-08-21	t	t	f	delphia-massie75@surles30.silkwomenshirts.com	silct8ns74
58	0.00	58	76yuh9blxva	2018-08-21	t	t	f	nola_goodisson49@maul38.junkcarsfloridamiami.com	7dy9lxij6n3
61	0.00	61	8frqq33i11p	2018-08-21	t	t	f	philomena-alfred58@calderone84.instambox.com	31tx5qx0bt3
65	0.00	65	b5gm2wteg3b	2018-08-22	t	t	f	francine.nibbi86@calderone84.instambox.com	ucgw3hutrs
96	0.00	96	9bee5qzwk2	2018-08-27	t	t	f	debbie.finney@bawer.nicewoodenbaskets.com	jmzincwtznf
207	0.00	207	xgaem5q131a	2018-09-04	t	t	f	zacharycabrera@sa.igg.biz	tytpsty213k
67	0.00	67	4j6yo4u3eo4	2018-08-22	t	t	f	lynn-arreguin@barthold55.newfishingaccessories.com	magr9dnhgj
189	0.00	189	utd783lbmbb	2018-09-03	t	t	f	isiah_alfonso@kaycee.dynamailbox.com	ywp63mqle1k
69	0.00	69	eheleidcvjc	2018-08-23	t	t	f	marquis_naumann@ossowski74.freephotoretouch.com	o1kq4sxyov
206	0.75	206	5taqqq2sujv	2018-09-04	f	f	f	haichao@cryptape.com	ltbssl4qe8
75	0.00	75	fx6x9qmuyvu	2018-08-23	t	t	f	kisha_charlesworth@engleby83.sfxmailbox.com	6ei6dyhtatr
31	0.00	31	ivc4jfkbfs	2018-08-19	t	t	f	temeka_trower@bawer.nicewoodenbaskets.com	t9si1klj9nn
79	0.00	79	8e3rvhzavc7	2018-08-24	t	t	f	merri_urbina@verena39.refurbishedlaserscanners.com	59kf7bzdft9
80	0.00	80	uq1tdu816v	2018-08-24	t	t	f	raul_wall@maul38.junkcarsfloridamiami.com	6vyybrscdvg
118	0.00	118	he1ehov6ci	2018-08-29	t	t	f	tamie-hugo@casiano.newpopularwatches.com	jy4tlpcdqf
7	0.06	7	5pdls43mi2	2018-08-16	f	f	f	steve@pyrofex.net	demfl5wuez
8	0.06	8	waltf6tklmd	2018-08-16	f	f	f	steve@pyrofex.net	c8u7s7bjzlm
9	0.06	9	8ebko0b9vlr	2018-08-16	f	f	f	steve@pyrofex.net	0j7rdzqcp0ze
19	0.00	19	hctqjjj6z0h	2018-08-17	t	t	f	chelsey.denker58@patry.spicysallads.com	h48drwg4j39
20	0.00	20	5anhub1b9w2	2018-08-18	t	t	f	ulrichorchard3062@ecolo-online.fr	3wxqzrq2pb2
115	0.00	115	pdpgqdnwudr	2018-08-28	t	t	f	ernestinecarswell@for.dobunny.com	fvgz5bejwya
260	0.00	260	c1wgqf8rda	2018-09-12	t	t	f	lourdesciantar167@m5s.nut.cc	iuou7lonl7d
4	0.00	4	rvsjoc9098k	2018-08-16	t	t	f	gilberto.sheldon43@senteno64.instambox.com	l216mxzriaq
250	0.00	250	obmg0pz2guq	2018-09-10	t	t	f	wyattsteffan@desk.ragnortheblue.com	jmoumgm09tq
233	0.00	233	8mco1ms4frd	2018-09-07	t	t	f	joline@brainboostingsupplements.org	b7r4em71irq
231	0.00	231	ngioos959pi	2018-09-07	t	t	f	lorie_wroblewski@eitnier.cheap3ddigitalcameras.com	qwnn9aijvz
42	0.00	42	r6g7muhizri	2018-08-20	t	t	f	broderick-goffage@ossowski74.freephotoretouch.com	mj2xfvci4yh
45	0.00	45	xvnqsy22ytd	2018-08-21	t	t	f	leatha-icely34@bawer.nicewoodenbaskets.com	ou7ajew5sb
47	0.00	47	hl8or0m3jq	2018-08-21	t	t	f	gracielafletcher@uk.ragnortheblue.com	v5dyrvytrg
122	0.00	122	fsqyzru0n2o	2018-08-29	t	t	f	danielpurves@happy.vocalmajoritynow.com	u0o4hd6daxe
224	0.00	224	0ho37fmic4dd	2018-09-06	t	t	f	soila_d'hage4@ossowski74.freephotoretouch.com	w25xragtu9k
86	0.00	86	1f1e2whjr9j	2018-08-25	t	t	f	cecilia.cheek@kaycee.dynamailbox.com	tid5nuhq1w
87	0.00	87	qai2009vdli	2018-08-26	t	t	f	andre_strayer18@bawer.nicewoodenbaskets.com	tjve7lf6si
124	0.00	124	cc958nwwiaa	2018-08-29	t	t	f	kenny.whish100@engleby83.sfxmailbox.com	y5a605w92dd
223	0.75	223	gre4h1l7p0e	2018-09-06	f	f	f	rchain@butterflyrevolution.net	h2pp81qmq6c
125	0.75	125	hwn1vt00e6o	2018-08-29	f	f	f	cleanemailplease@gmail.com	w25ri93u4wn
127	0.00	127	83p6w86suqm	2018-08-30	t	t	f	lupitamadison@0815.ru	cqv3m0k5ag
128	0.00	128	muqwha2dks9	2018-08-30	t	t	f	christienelson@most.ragnortheblue.com	hyp6fti9obt
133	0.00	133	ccovzbo1yvg	2018-08-30	t	t	f	gertie-maxfield@ossowski74.freephotoretouch.com	hlkiwmfp2z
135	0.00	135	0nl7ay2iy1s9	2018-08-30	t	t	f	zhaidaod162982@163.com	ph40bwfp3we
66	0.00	66	cnxwnwam3n7	2018-08-22	t	t	f	neva-wolken@joecks53.fancycarnavalmasks.com	rh95qm1dan
81	0.00	81	h52n0e95stf	2018-08-25	t	t	f	mairahankinson52@uk.ragnortheblue.com	yjywdg30n3p
21	0.00	21	f35u1443gxw	2018-08-18	t	t	f	philsatterwhite40@medium.estaxy.com	1d26kt9p6m6
84	0.00	84	2q3ra6z7t9k	2018-08-25	t	t	f	christy.fryer@clinger6.glasslightbulbs.com	gzk6x0nnlqf
90	0.00	90	qu230st6ee	2018-08-26	t	t	f	kristinkeeler11@most.ragnortheblue.com	vcxemsuttaj
98	0.00	98	5dabwpmy8kh	2018-08-27	t	t	f	merridesantis@disign-concept.eu	s84na0hpf9l
126	1.50	126	k9ecv926yu9	2018-08-30	t	t	f	vignesh.msundaram@gmail.com	2es0z3fmrts
129	1.50	129	q6p9vczt1p	2018-08-30	f	f	f	nuria@cryptoticker.io	450zsbqdrs2
130	0.00	130	1b8on24ot8l	2018-08-30	t	t	f	adoree@h.captchaeu.info	6049rncquzj
139	0.00	139	527l17pi8aa	2018-08-30	t	t	f	delmar_glasheen@sholtis.junkcarsfloridamiami.com	tn79p53g1i
141	0.06	141	usyj0xlncnj	2018-08-30	t	t	f	johanneshage97@gmail.com	wc7lfpj3nk
142	0.00	142	tzx1gdpyn8d	2018-08-30	t	t	f	zhuanyongjs918211@163.com	jlof7z4j3s
204	0.00	204	lj0bwi9w22q	2018-09-04	t	t	f	jacinto-weinman@bawer.nicewoodenbaskets.com	jhpef7jj1di
5	0.00	5	ruyjzoklbtn	2018-08-16	t	t	f	rusty_stanfield31@holsey.softhandscream.com	hcu1bg04sb
25	0.00	25	8iobakd7uhs	2018-08-18	t	t	f	jacquie.appleroth@calderone84.instambox.com	4hpjlspkzwe
28	0.00	28	3ctjad51zec	2018-08-19	t	t	f	liza.riggins59@emeline3.silkbeachtowels.com	15t6mw86ub1
219	0.00	219	yvrxm01lj1e	2018-09-05	t	t	f	kirbylefler57@her.estabbi.com	d9j16oobdu
232	0.00	232	pycenxcmyyf	2018-09-07	t	t	f	halimeda@get-bitcoins.online	itxz90rpah
77	0.00	77	9ck5qovwv6e	2018-08-24	t	t	f	kirkmoynihan53@happy.vocalmajoritynow.com	o2urrv8woh
78	0.00	78	64mcg4sqdv2	2018-08-24	t	t	f	tarah.loggins@dallen55.coolyarddecorations.com	8sutf9qod0s
268	0.00	268	pkwgogktng	2018-09-12	t	t	f	wallace-toussaint32@senteno64.instambox.com	iwlthuoz5ve
261	0.00	261	8nmx5fsjfb5	2018-09-12	t	t	f	fletcherseamon@ruby.factorican.com	jxvllz1038
173	0.00	173	gftt3krs3z	2018-09-01	t	t	f	marjoriepotts51@happy.vocalmajoritynow.com	zm4u91hpk2
68	0.00	68	5r4rresr4vc	2018-08-23	t	t	f	franziska-womack@senteno64.instambox.com	wa4okc6j6bh
17	0.75	17	dn4jmpre2q	2018-08-17	t	t	f	dtbalchin@hotmail.com	7de7b57zplm
145	0.00	145	4gblzceha7p	2018-08-30	t	t	f	quzongsj95574@163.com	01e37m0w24pe
146	0.00	146	mhg1cusqe7n	2018-08-30	t	t	f	oliver-beale@joecks53.fancycarnavalmasks.com	ebklkxa8gpn
147	0.00	147	74fl7cmc3sc	2018-08-30	t	t	f	biduc56052@163.com	sd7k9nbh4un
148	0.00	148	966g2ie95z5	2018-08-31	t	t	f	dominic@coloncleanse.club	7kzzdshzczx
149	0.00	149	qwz0cj8ji9	2018-08-31	t	t	f	bruce-bisdee@wisch.cheap3ddigitalcameras.com	nn2xy3qs39r
150	0.00	150	moo59d0ojmk	2018-08-31	t	t	f	wilfred_langham99@henry93.dynamailbox.com	vbf3z9hrm1p
151	0.00	151	fo731g2l93m	2018-08-31	t	t	f	kathyconner@happy.vocalmajoritynow.com	agd6bi41y7
152	0.00	152	v2lk1m39qz	2018-08-31	t	t	f	joyce-curnow@bawer.nicewoodenbaskets.com	12a99beyoib
153	0.00	153	f90a10b7aub	2018-08-31	t	t	f	weifub512069@163.com	iinfccyw93
159	0.00	159	2mzukzrhjre	2018-08-31	t	t	f	pijuo49597@163.com	con5bcewovf
134	0.00	134	86plpq9rt76	2018-08-30	t	t	f	leeherrell@desk.ragnortheblue.com	ms066e17ppr
218	0.00	218	5grff0y5r3	2018-09-05	t	t	f	niklasrader2272@goooogle.flu.cc	rmyhz1hdx3a
60	0.75	60	3md2sogbxma	2018-08-21	t	t	f	lawrence.lerner@pithia.com	es0a214xyw7
174	0.00	174	uho2q7w8it9	2018-09-01	t	t	f	lorrihollway36@ruby.factorican.com	7t22856n7c9
176	0.00	176	9mqon8lm6b	2018-09-01	t	t	f	collette_linthicum@bawer.nicewoodenbaskets.com	9zknswxcmn
138	0.00	138	qeh6u7jcy4j	2018-08-30	t	t	f	suzanna@g.dietingadvise.club	eavhd9mb31m
166	0.00	166	tgheudemkq	2018-09-01	t	t	f	lazaou157672@163.com	a1klvc70l96
167	0.00	167	fl4taogclnw	2018-09-01	t	t	f	shaxiaoc22474@163.com	f9vd1g121kb
154	0.00	154	abq7tf9bqrf	2018-08-31	t	t	f	qingjiaore472554@163.com	e7wd4ajy6v
155	0.00	155	ddiuape632a	2018-08-31	t	t	f	phyliss@b.bali-traveller.com	s33q10aw9l
119	0.00	119	xwjkbmh2ryl	2018-08-29	t	t	f	hai-beazley@calderone84.instambox.com	20qw38653e7
120	0.00	120	1d4ndr8j9p6	2018-08-29	t	t	f	scot-covert12@bawer.nicewoodenbaskets.com	j9hvlmz3rs
144	0.00	144	k68hye5lzan	2018-08-30	t	t	f	zhenqiv59168@163.com	zgwfvd9kosa
156	0.00	156	69mygf90w48	2018-08-31	t	t	f	julissa.buckley@schaeffer96.musclejapancars.com	bfxyypme09b
157	0.06	157	5laoz55pb0f	2018-08-31	t	t	f	cheung@cs.ox.ac.uk	u0pbtsxhz7
158	0.00	158	b4xpvh9lum	2018-08-31	t	t	f	ulrichorchard3062@ecolo-online.fr	rd24yg343x
160	0.00	160	1isvq27mbyq	2018-08-31	t	t	f	wanluk41222@163.com	75z6jgkvv7e
161	0.00	161	mtvtridzcas	2018-08-31	t	t	f	agustinducan@most.ragnortheblue.com	1uv1c674r87
162	0.00	162	e9ls8uz10j7	2018-08-31	t	t	f	kuofuw78954@163.com	r31jebnsk8q
163	0.00	163	qb4ummklcz	2018-08-31	t	t	f	mirasmechanik12@o2.pl	girghnwgbuq
164	0.00	164	95us9pyyms9	2018-09-01	t	t	f	mariioser029@bankomi.pl	xhym3jt18ic
136	0.00	136	ru14sxefvab	2018-08-30	t	t	f	gecangqj121702@163.com	qem2w9k8myl
137	0.00	137	c96nakxgeat	2018-08-30	t	t	f	sherryl_sambell75@casiano.newpopularwatches.com	m70ag6x8ri
105	0.00	105	yymsvsca8g	2018-08-28	t	t	f	laureen@b.bali-traveller.com	zfmpp91qiws
123	0.00	123	h420x9wpjkv	2018-08-29	t	t	f	helengaron12@her.estabbi.com	vvcdpx2zx9o
267	0.00	267	lue7rcxx8gc	2018-09-12	t	t	f	hannah.wrenn@lanois.latestconsolegames.com	94wyz4v2ij6
262	0.00	262	mpzksguxxmr	2018-09-12	t	t	f	candiceporras6115@level3.flu.cc	8w5z3p1iz39
196	0.00	196	01mp38tc9w7o	2018-09-03	t	t	f	brianne.beadle18@lanois.latestconsolegames.com	s8wbkavr0fp
191	0.00	191	02sjzvzbc4s7	2018-09-03	t	t	f	roman.o'mahony@wagenblast.cheapgreenteabags.com	mc7mwyix92b
114	0.00	114	9q3votw4kfs	2018-08-28	t	t	f	bob.sander@emeline3.silkbeachtowels.com	o7n2yuu2sr
22	0.00	22	ajlkd4vrul	2018-08-18	t	t	f	william.grady@getmailsonline.com	jzl601rutgb
121	0.00	121	prfk02wc6i	2018-08-29	t	t	f	thaddeussynder@for.dobunny.com	bynoklyx8cc
106	0.00	106	f07f9119q2f	2018-08-28	t	t	f	ewan.eichhorn58@zannino13.leatherdocumentbags.com	bwo7x0bpzwb
62	0.75	62	xtqyka5l1d	2018-08-22	t	t	f	v-v@haja.io	78v653c1hou
255	0.00	255	vsqybw31dc	2018-09-11	t	t	f	antoniaarnott@s-s.flu.cc	5haphy7lacq
256	0.00	256	da1fcz32k6n	2018-09-11	t	t	f	lashawnda.ellington@calderone84.instambox.com	oaqarkhonzl
\.


--
-- Name: invoices_eth_id_seq; Type: SEQUENCE SET; Schema: public; Owner: crypto_flash
--

SELECT pg_catalog.setval('public.invoices_eth_id_seq', 271, true);


--
-- Name: invoices_invoice_id_seq; Type: SEQUENCE SET; Schema: public; Owner: crypto_flash
--

SELECT pg_catalog.setval('public.invoices_invoice_id_seq', 271, true);


--
-- Data for Name: refund_data; Type: TABLE DATA; Schema: public; Owner: crypto_flash
--

COPY public.refund_data (uid, user_pub_key, email, date_created, balance_returned, txn_id) FROM stdin;
\.


--
-- Data for Name: sku_details; Type: TABLE DATA; Schema: public; Owner: crypto_flash
--

COPY public.sku_details (general, student) FROM stdin;
0.75	0.06
\.


--
-- Name: eth_data_pkey; Type: CONSTRAINT; Schema: public; Owner: crypto_flash
--

ALTER TABLE ONLY public.eth_data
    ADD CONSTRAINT eth_data_pkey PRIMARY KEY (eth_id);


--
-- Name: eth_data_priv_key_key; Type: CONSTRAINT; Schema: public; Owner: crypto_flash
--

ALTER TABLE ONLY public.eth_data
    ADD CONSTRAINT eth_data_priv_key_key UNIQUE (priv_key);


--
-- Name: eth_data_pub_key_key; Type: CONSTRAINT; Schema: public; Owner: crypto_flash
--

ALTER TABLE ONLY public.eth_data
    ADD CONSTRAINT eth_data_pub_key_key UNIQUE (pub_key);


--
-- Name: eth_data_txn_id_key; Type: CONSTRAINT; Schema: public; Owner: crypto_flash
--

ALTER TABLE ONLY public.eth_data
    ADD CONSTRAINT eth_data_txn_id_key UNIQUE (txn_id);


--
-- Name: inv_items_pkey; Type: CONSTRAINT; Schema: public; Owner: crypto_flash
--

ALTER TABLE ONLY public.inv_items
    ADD CONSTRAINT inv_items_pkey PRIMARY KEY (item_id);


--
-- Name: invoices_eth_id_key; Type: CONSTRAINT; Schema: public; Owner: crypto_flash
--

ALTER TABLE ONLY public.invoices
    ADD CONSTRAINT invoices_eth_id_key UNIQUE (eth_id);


--
-- Name: invoices_pkey; Type: CONSTRAINT; Schema: public; Owner: crypto_flash
--

ALTER TABLE ONLY public.invoices
    ADD CONSTRAINT invoices_pkey PRIMARY KEY (invoice_id);


--
-- Name: invoices_uid_key; Type: CONSTRAINT; Schema: public; Owner: crypto_flash
--

ALTER TABLE ONLY public.invoices
    ADD CONSTRAINT invoices_uid_key UNIQUE (uid);


--
-- Name: refund_data_txn_id_key; Type: CONSTRAINT; Schema: public; Owner: crypto_flash
--

ALTER TABLE ONLY public.refund_data
    ADD CONSTRAINT refund_data_txn_id_key UNIQUE (txn_id);


--
-- Name: refund_data_uid_key; Type: CONSTRAINT; Schema: public; Owner: crypto_flash
--

ALTER TABLE ONLY public.refund_data
    ADD CONSTRAINT refund_data_uid_key UNIQUE (uid);


--
-- Name: refund_data_user_pub_key_key; Type: CONSTRAINT; Schema: public; Owner: crypto_flash
--

ALTER TABLE ONLY public.refund_data
    ADD CONSTRAINT refund_data_user_pub_key_key UNIQUE (user_pub_key);


--
-- Name: eth_data_eth_id_fkey; Type: FK CONSTRAINT; Schema: public; Owner: crypto_flash
--

ALTER TABLE ONLY public.eth_data
    ADD CONSTRAINT eth_data_eth_id_fkey FOREIGN KEY (eth_id) REFERENCES public.invoices(eth_id);


--
-- Name: inv_items_invoice_id_fkey; Type: FK CONSTRAINT; Schema: public; Owner: crypto_flash
--

ALTER TABLE ONLY public.inv_items
    ADD CONSTRAINT inv_items_invoice_id_fkey FOREIGN KEY (invoice_id) REFERENCES public.invoices(invoice_id);


--
-- Name: SCHEMA public; Type: ACL; Schema: -; Owner: postgres
--

REVOKE ALL ON SCHEMA public FROM PUBLIC;
REVOKE ALL ON SCHEMA public FROM postgres;
GRANT ALL ON SCHEMA public TO postgres;
GRANT ALL ON SCHEMA public TO PUBLIC;


--
-- PostgreSQL database dump complete
--

